Agency Name,Location Name,Address,City,Zip code,County,Congress Dist,Congressional Full Name,Rep Dist,Rep Full Name,Senate Dist,Senator Full Name,Bldg Status,Year Acquired,Year Constructed,Square Footage,Total Floors,Floors Above Grade,Floors Below Grade,Usage Description,Usage Description 2,Usage Description 3
University of Illinois,University of Illinois Urbana-Champaign,1301 South Oak Street,Champaign,61820,Champaign,13,Rodney L. Davis,103,Ammons Carol,52,Scott M. Bennett,In Use,1947,1947,3200,1,1,0,Industrial,Industrial,Not provided
University of Illinois,University of Illinois Urbana-Champaign,2301 South Lincoln Avenue,Urbana,61820,Champaign,13,Rodney L. Davis,103,Ammons Carol,52,Scott M. Bennett,In Use,1926,1926,20250,3,3,0,Storage,Storage,Not provided
University of Illinois,University of Illinois Urbana-Champaign,2301 South Lincoln Avenue,Urbana,61820,Champaign,13,Rodney L. Davis,103,Ammons Carol,52,Scott M. Bennett,In Use,1926,1926,10923,2,2,0,Storage,Storage,Not provided
University of Illinois,University of Illinois Urbana-Champaign,2301 South Lincoln Avenue,Urbana,61820,Champaign,13,Rodney L. Davis,103,Ammons Carol,52,Scott M. Bennett,In Use,1910,1910,8450,2,2,0,Storage,Storage,Not provided
University of Illinois,University of Illinois Urbana-Champaign,South Race Street,Urbana,61820,Champaign,13,Rodney L. Davis,103,Ammons Carol,52,Scott M. Bennett,In Use,1949,1949,9600,2,2,0,Storage,Storage,Not provided
University of Illinois,University of Illinois Urbana-Champaign,3305 South Race Street,Urbana,61820,Champaign,13,Rodney L. Davis,103,Ammons Carol,52,Scott M. Bennett,In Use,1966,1966,5863,2,2,0,Storage,Storage,Not provided
University of Illinois,University of Illinois Urbana-Champaign,South Race Street,Champaign,61820,Champaign,13,Rodney L. Davis,103,Ammons Carol,52,Scott M. Bennett,In Use,1963,1963,1000,1,1,0,Storage,Storage,Not provided
University of Illinois,University of Illinois Urbana-Champaign,South Race Street,Urbana,61820,Champaign,13,Rodney L. Davis,103,Ammons Carol,52,Scott M. Bennett,In Use,1963,1963,1512,1,1,0,Storage,Storage,Not provided
University of Illinois,University of Illinois Urbana-Champaign,South Race Street,Urbana,61820,Champaign,13,Rodney L. Davis,103,Ammons Carol,52,Scott M. Bennett,In Use,1964,1964,5030,1,1,0,Unusual,Unusual,Not provided
University of Illinois,University of Illinois Urbana-Champaign,South Race Street,Champaign,61820,Champaign,13,Rodney L. Davis,103,Ammons Carol,52,Scott M. Bennett,In Use,1964,1964,1392,1,1,0,Storage,Storage,Not provided
University of Illinois,University of Illinois Urbana-Champaign,South Race Street,Urbana,61820,Champaign,13,Rodney L. Davis,103,Ammons Carol,52,Scott M. Bennett,In Use,1978,1978,720,1,1,0,Storage,Storage,Not provided
University of Illinois,University of Illinois Urbana-Champaign,South Race Street,Urbana,61820,Champaign,13,Rodney L. Davis,103,Ammons Carol,52,Scott M. Bennett,In Use,1964,1964,336,1,1,0,Unusual,Storage,Not provided
University of Illinois,University of Illinois Urbana-Champaign,South Race Street,Champaign,61820,Champaign,13,Rodney L. Davis,103,Ammons Carol,52,Scott M. Bennett,In Use,1966,1966,704,1,1,0,Industrial,Storage,Not provided
University of Illinois,University of Illinois Urbana-Champaign,South Race Street,Urbana,61820,Champaign,13,Rodney L. Davis,103,Ammons Carol,52,Scott M. Bennett,In Use,1968,1968,2910,1,1,0,Storage,Storage,Not provided
University of Illinois,University of Illinois Urbana-Champaign,3105 South Race Street,Urbana,61820,Champaign,13,Rodney L. Davis,103,Ammons Carol,52,Scott M. Bennett,In Use,0,0,2000,1,1,0,Unusual,Business,Not provided
University of Illinois,University of Illinois Urbana-Champaign,1910 Griffith,Champaign,61820,Champaign,13,Rodney L. Davis,103,Ammons Carol,52,Scott M. Bennett,In Use,1975,1975,3528,1,1,0,Storage,Storage,Not provided
University of Illinois,University of Illinois Urbana-Champaign,411 St. Mary's Road,Champaign,61820,Champaign,13,Rodney L. Davis,103,Ammons Carol,52,Scott M. Bennett,In Use,1926,1926,12624,2,2,0,Storage,Storage,Not provided
University of Illinois,University of Illinois Urbana-Champaign,Hazelwood Drive,Champaign,61820,Champaign,13,Rodney L. Davis,103,Ammons Carol,52,Scott M. Bennett,In Use,1929,1929,12059,5,4,1,Unusual,Unusual,Not provided
University of Illinois,University of Illinois Urbana-Champaign,1201 St. Mary's Road,Urbana,61820,Champaign,13,Rodney L. Davis,103,Ammons Carol,52,Scott M. Bennett,In Use,1910,1910,5695,3,2,1,Storage,Storage,Not provided
University of Illinois,University of Illinois Urbana-Champaign,1201 East St. Mary's Road,Urbana,61820,Champaign,13,Rodney L. Davis,103,Ammons Carol,52,Scott M. Bennett,In Use,1910,1910,5655,2,2,0,Storage,Storage,Not provided
University of Illinois,University of Illinois Urbana-Champaign,1201 East St. Mary's Road,Urbana,61820,Champaign,13,Rodney L. Davis,103,Ammons Carol,52,Scott M. Bennett,In Use,1910,1910,10044,2,2,0,Storage,Storage,Not provided
University of Illinois,University of Illinois Urbana-Champaign,East St. Mary's Road,Urbana,61820,Champaign,13,Rodney L. Davis,103,Ammons Carol,52,Scott M. Bennett,In Use,1917,1917,4896,4,3,1,Unusual,Storage,Not provided
University of Illinois,University of Illinois Urbana-Champaign,3105 South Race Street,Urbana,61820,Champaign,13,Rodney L. Davis,103,Ammons Carol,52,Scott M. Bennett,In Use,1967,1967,7434,2,2,0,Unusual,Business,Not provided
University of Illinois,University of Illinois Urbana-Champaign,2911 South Lincoln Avenue,Urbana,61820,Champaign,13,Rodney L. Davis,103,Ammons Carol,52,Scott M. Bennett,In Use,2002,2002,5760,1,1,0,Storage,Storage,Not provided
University of Illinois,University of Illinois Urbana-Champaign,2909 South Lincoln Avenue,Urbana,61820,Champaign,13,Rodney L. Davis,103,Ammons Carol,52,Scott M. Bennett,In Use,2002,2002,5760,1,1,0,Storage,Storage,Not provided
University of Illinois,University of Illinois Urbana-Champaign,60 Hazelwood Drive,Champaign,61801,Champaign,13,Rodney L. Davis,103,Ammons Carol,52,Scott M. Bennett,In Use,2003,2003,50840,3,3,0,Business,Business,Not provided
University of Illinois,University of Illinois Urbana-Champaign,1206 West Gregory Drive,Urbana,61801,Champaign,13,Rodney L. Davis,103,Ammons Carol,52,Scott M. Bennett,In Use,2006,2006,180000,6,5,1,Education,Education,Not provided
University of Illinois,University of Illinois Urbana-Champaign,301 North Goodwin,Urbana,61801,Champaign,13,Rodney L. Davis,103,Ammons Carol,52,Scott M. Bennett,In Use,2005,2005,140000,4,4,0,Business,Education,Not provided
University of Illinois,University of Illinois Urbana-Champaign,2204 Griffith Drive,Champaign,61820,Champaign,13,Rodney L. Davis,103,Ammons Carol,52,Scott M. Bennett,In Use,1985,1985,3045,1,1,0,Storage,Storage,Not provided
University of Illinois,University of Illinois Urbana-Champaign,2204 Griffith Drive,Champaign,61820,Champaign,13,Rodney L. Davis,103,Ammons Carol,52,Scott M. Bennett,In Use,1967,1967,10519,1,1,0,Business,Business,Not provided
University of Illinois,University of Illinois Urbana-Champaign,2204 Griffith Drive,Champaign,61820,Champaign,13,Rodney L. Davis,103,Ammons Carol,52,Scott M. Bennett,In Use,1967,1967,8349,1,1,0,Industrial,Industrial,Not provided
University of Illinois,University of Illinois Urbana-Champaign,2204 Griffith Drive,Champaign,61820,Champaign,13,Rodney L. Davis,103,Ammons Carol,52,Scott M. Bennett,In Use,1967,1967,10145,1,1,0,Assembly,Assembly,Not provided
University of Illinois,University of Illinois Urbana-Champaign,2204 Griffith Drive,Champaign,61820,Champaign,13,Rodney L. Davis,103,Ammons Carol,52,Scott M. Bennett,In Use,1967,1967,11700,1,1,0,Business,Business,Not provided
University of Illinois,University of Illinois Urbana-Champaign,2204 Griffith Drive,Champaign,61820,Champaign,13,Rodney L. Davis,103,Ammons Carol,52,Scott M. Bennett,In Use,1967,1967,11700,1,1,0,Business,Business,Not provided
University of Illinois,University of Illinois Urbana-Champaign,2204 Griffith Drive,Champaign,61820,Champaign,13,Rodney L. Davis,103,Ammons Carol,52,Scott M. Bennett,In Use,1967,1967,11700,1,1,0,Business,Business,Not provided
University of Illinois,University of Illinois Urbana-Champaign,2204 Griffith Drive,Champaign,61820,Champaign,13,Rodney L. Davis,103,Ammons Carol,52,Scott M. Bennett,In Use,1985,1985,4893,1,1,0,Storage,Storage,Not provided
University of Illinois,University of Illinois Urbana-Champaign,2204 Griffith Drive,Champaign,61820,Champaign,13,Rodney L. Davis,103,Ammons Carol,52,Scott M. Bennett,In Use,1987,1987,5513,1,1,0,Business,Business,Not provided
University of Illinois,University of Illinois Urbana-Champaign,2204 Griffith Drive,Champaign,61820,Champaign,13,Rodney L. Davis,103,Ammons Carol,52,Scott M. Bennett,In Use,1989,1989,4992,1,1,0,Storage,Storage,Not provided
University of Illinois,University of Illinois Urbana-Champaign,University Of Illinois,Champaign,61801,Champaign,13,Rodney L. Davis,103,Ammons Carol,52,Scott M. Bennett,In Use,1940,1940,341100,2,1,1,Industrial,Industrial,Not provided
University of Illinois,University of Illinois Urbana-Champaign,1910 South Giriffith Drive,Champaign,61820,Champaign,13,Rodney L. Davis,103,Ammons Carol,52,Scott M. Bennett,In Use,1977,1977,3360,1,1,0,Storage,Storage,Industrial
University of Illinois,University of Illinois Urbana-Champaign,1910 South Giriffith Drive,Champaign,61820,Champaign,13,Rodney L. Davis,103,Ammons Carol,52,Scott M. Bennett,In Use,1975,1975,3540,1,1,0,Storage,Storage,Not provided
University of Illinois,University of Illinois Urbana-Champaign,1910 South Giriffith Drive,Champaign,61820,Champaign,13,Rodney L. Davis,103,Ammons Carol,52,Scott M. Bennett,In Use,1979,1979,3696,1,1,0,Storage,Storage,Industrial
University of Illinois,University of Illinois Urbana-Champaign,1910 South Giriffith Drive,Champaign,61820,Champaign,13,Rodney L. Davis,103,Ammons Carol,52,Scott M. Bennett,In Use,1981,1981,3360,1,1,0,Storage,Storage,Not provided
University of Illinois,University of Illinois Urbana-Champaign,1 East Hazelwood Drive,Champaign,61820,Champaign,13,Rodney L. Davis,103,Ammons Carol,52,Scott M. Bennett,In Use,1990,1989,48533,2,2,0,Industrial,Business,Not provided
Department of Transportation,Champaign Maintenance Storage Facility - Champaign County,201 Eisner Road,Champaign,61822,Champaign,13,Rodney L. Davis,104,Hays Chad,52,Scott M. Bennett,In Use,1959,1959,6836,1,1,0,Industrial,Industrial,Business
Department of Transportation,Champaign Maintenance Storage Facility - Champaign County,201 Eisner Road,Champaign,61822,Champaign,13,Rodney L. Davis,104,Hays Chad,52,Scott M. Bennett,In Use,1959,1959,8856,1,1,0,Industrial,Industrial,Not provided
Department of Transportation,Champaign Maintenance Storage Facility - Champaign County,201 Eisner Road,Champaign,61822,Champaign,13,Rodney L. Davis,104,Hays Chad,52,Scott M. Bennett,In Use,1959,1959,3000,1,1,0,Storage,Storage,Not provided
Department of Transportation,Leverett Road/North I-57 - Champaign,"R.r. 4, Box 85",Champaign,61820,Champaign,15,John Shimkus,104,Hays Chad,52,Scott M. Bennett,In Use,1968,1968,8640,1,1,0,Industrial,Industrial,Business
Department of Transportation,Leverett Road/North I-57 - Champaign,"R.r. 4, Box 85",Champaign,61820,Champaign,15,John Shimkus,104,Hays Chad,52,Scott M. Bennett,In Use,1968,1968,5040,1,1,0,Storage,Storage,Not provided
Department of Transportation,Leverett Road/North I-57 - Champaign,"R.r. 4, Box 85",Champaign,61820,Champaign,15,John Shimkus,104,Hays Chad,52,Scott M. Bennett,In Use,1985,1985,3024,1,1,0,Storage,Storage,Not provided
Department of Transportation,Leverett Road/North I-57 - Champaign,"R.r. 4, Box 85",Champaign,61820,Champaign,15,John Shimkus,104,Hays Chad,52,Scott M. Bennett,In Use,1996,1996,3116,1,1,0,Storage,Storage,Not provided
Department of Transportation,Monticello Maintenance Storage Facility,Route 47,Monticello,61856,Piatt,13,Rodney L. Davis,101,Mitchell Bill,51,Chapin Rose,In Use,1976,1976,8320,1,1,0,Storage,Storage,Business
Department of Transportation,Monticello Maintenance Storage Facility,Route 47,Monticello,61856,Piatt,13,Rodney L. Davis,101,Mitchell Bill,51,Chapin Rose,In Use,1976,1976,3600,1,1,0,Storage,Storage,Not provided
Department of Transportation,Monticello Maintenance Storage Facility,Route 47,Monticello,61856,Piatt,13,Rodney L. Davis,101,Mitchell Bill,51,Chapin Rose,In Use,1985,1985,3024,1,1,0,Storage,Storage,Not provided
Department of Transportation,Monticello Maintenance Storage Facility,Route 47,Monticello,61856,Piatt,13,Rodney L. Davis,101,Mitchell Bill,51,Chapin Rose,In Use,1997,1997,4069,1,1,0,Storage,Storage,Not provided
Department of Transportation,Champaign Maintenance Storage Facility - Champaign County,201 Eisner Road,Champaign,61822,Champaign,13,Rodney L. Davis,104,Hays Chad,52,Scott M. Bennett,In Use,1998,1998,4032,1,1,0,Storage,Storage,Not provided
Department of Transportation,Champaign Maintenance Storage Facility - Champaign County,201 Eisner Road,Champaign,61822,Champaign,13,Rodney L. Davis,104,Hays Chad,52,Scott M. Bennett,In Use,1985,1985,5278,1,1,0,Storage,Storage,Not provided
Department of Military Affairs,Champaign Armory - Champaign County,109 East Park Street,Champaign,61820,Champaign,13,Rodney L. Davis,103,Ammons Carol,52,Scott M. Bennett,In Use,1938,1938,19370,3,2,1,Assembly,Assembly,Not provided
Department of Military Affairs,Urbana Armory - Champaign County,600 East University,Urbana,61801,Champaign,13,Rodney L. Davis,103,Ammons Carol,52,Scott M. Bennett,In Use,1938,1938,75037,4,3,1,Assembly,Assembly,Not provided
Department of Military Affairs,Urbana Armory - Champaign County,600 East University,Urbana,61801,Champaign,13,Rodney L. Davis,103,Ammons Carol,52,Scott M. Bennett,In Use,1950,1950,12272,1,1,0,Storage,Storage,Industrial
Department of Military Affairs,Urbana Armory - Champaign County,600 East University,Urbana,61801,Champaign,13,Rodney L. Davis,103,Ammons Carol,52,Scott M. Bennett,In Use,1950,1950,12272,1,1,0,Storage,Storage,Not provided
Department of Military Affairs,Urbana Armory - Champaign County,600 East University,Urbana,61801,Champaign,13,Rodney L. Davis,103,Ammons Carol,52,Scott M. Bennett,In Use,1950,1950,12272,1,1,0,Storage,Storage,Not provided
Department of Military Affairs,Urbana Armory - Champaign County,600 East University,Urbana,61801,Champaign,13,Rodney L. Davis,103,Ammons Carol,52,Scott M. Bennett,In Use,1983,1983,120,1,1,0,Industrial,Industrial,Not provided
Department of Military Affairs,Urbana Armory - Champaign County,600 East University,Urbana,61801,Champaign,13,Rodney L. Davis,103,Ammons Carol,52,Scott M. Bennett,In Use,1992,1992,192,1,1,0,Storage,Storage,Not provided
Department of Central Management Services,Champaign Regional Office Building,2125 South First Street,Champaign,61820,Champaign,13,Rodney L. Davis,103,Ammons Carol,52,Scott M. Bennett,In Use,1968,1968,55005,3,2,1,Business,Business,Not provided
Department of Central Management Services,Champaign State Garage - Champaign County,"P.o. Box 337, N Mkt&eisner Rd",Champaign,61820,Champaign,13,Rodney L. Davis,104,Hays Chad,52,Scott M. Bennett,In Use,1959,1959,10710,2,2,0,Industrial,Industrial,Business
University of Illinois,University of Illinois Urbana-Champaign,607 South Mathews Ave,Urbana,61801,Champaign,13,Rodney L. Davis,103,Ammons Carol,52,Scott M. Bennett,In Use,1900,1900,107660,6,5,1,Assembly,Business,Not provided
University of Illinois,University of Illinois Urbana-Champaign,1301 S Goodwind Ave,Urbana,61801,Champaign,13,Rodney L. Davis,103,Ammons Carol,52,Scott M. Bennett,In Use,1905,1906,12200,4,3,1,Storage,Storage,Not provided
University of Illinois,University of Illinois Urbana-Champaign,1103 South Sixth Street,Champaign,61820,Champaign,13,Rodney L. Davis,103,Ammons Carol,52,Scott M. Bennett,In Use,1957,1957,31639,3,3,0,Assembly,Assembly,Not provided
University of Illinois,University of Illinois Urbana-Champaign,1402 West Springfield Ave,Urbana,61801,Champaign,13,Rodney L. Davis,103,Ammons Carol,52,Scott M. Bennett,In Use,1890,1890,27409,3,2,1,Assembly,Assembly,Not provided
University of Illinois,University of Illinois Urbana-Champaign,505 E Armory Ave,Champaign,61820,Champaign,13,Rodney L. Davis,103,Ammons Carol,52,Scott M. Bennett,In Use,1914,1915,283194,8,7,1,Assembly,Assembly,Not provided
University of Illinois,University of Illinois Urbana-Champaign,709 S Mathews Ave,Urbana,61801,Champaign,13,Rodney L. Davis,103,Ammons Carol,52,Scott M. Bennett,In Use,1907,1908,47656,5,4,1,Assembly,Assembly,Not provided
University of Illinois,University of Illinois Urbana-Champaign,601 South Mathews Ave,Urbana,61801,Champaign,13,Rodney L. Davis,103,Ammons Carol,52,Scott M. Bennett,In Use,1930,1931,41217,6,5,1,Industrial,Industrial,Not provided
University of Illinois,University of Illinois Urbana-Champaign,505 South Mathews Ave,Urbana,61801,Champaign,13,Rodney L. Davis,103,Ammons Carol,52,Scott M. Bennett,In Use,1902,1902,214000,7,6,1,Industrial,Industrial,Not provided
University of Illinois,University of Illinois Urbana-Champaign,104 S Wright St,Urbana,61801,Champaign,13,Rodney L. Davis,103,Ammons Carol,52,Scott M. Bennett,In Use,1929,1929,108513,5,4,1,Industrial,Industrial,Business
University of Illinois,University of Illinois Urbana-Champaign,406 East Armory Avenue,Champaign,61820,Champaign,13,Rodney L. Davis,103,Ammons Carol,52,Scott M. Bennett,In Use,1931,1931,56060,3,2,1,Assembly,Assembly,Not provided
University of Illinois,University of Illinois Urbana-Champaign,1308 West Green Street,Urbana,61801,Champaign,13,Rodney L. Davis,103,Ammons Carol,52,Scott M. Bennett,In Use,1896,1896,93000,7,6,1,Education,Business,Education
University of Illinois,University of Illinois Urbana-Champaign,1011 West Springfield Avenue,Urbana,61801,Champaign,13,Rodney L. Davis,103,Ammons Carol,52,Scott M. Bennett,In Use,1971,1963,26726,3,3,0,Business,Business,Industrial
University of Illinois,University of Illinois Urbana-Champaign,1208 West Peabody Dr,Urbana,61801,Champaign,13,Rodney L. Davis,103,Ammons Carol,52,Scott M. Bennett,In Use,1905,1907,48287,4,3,1,Storage,Storage,Business
University of Illinois,University of Illinois Urbana-Champaign,1107 South Dorner Drive,Urbana,61801,Champaign,13,Rodney L. Davis,103,Ammons Carol,52,Scott M. Bennett,In Use,1913,1914,10998,4,3,1,Education,Education,Not provided
University of Illinois,University of Illinois Urbana-Champaign,301 East Hazelwood Dr,Champaign,61820,Champaign,13,Rodney L. Davis,103,Ammons Carol,52,Scott M. Bennett,In Use,1962,1961,5036,1,1,0,Education,Education,Not provided
University of Illinois,University of Illinois Urbana-Champaign,1402 West Springfield Ave,Urbana,61801,Champaign,13,Rodney L. Davis,103,Ammons Carol,52,Scott M. Bennett,In Use,1902,1902,50672,5,4,1,Assembly,Assembly,Not provided
University of Illinois,University of Illinois Urbana-Champaign,205 North Mathews Avenue,Urbana,61801,Champaign,13,Rodney L. Davis,103,Ammons Carol,52,Scott M. Bennett,In Use,1967,1967,180450,7,6,1,Industrial,Industrial,Business
University of Illinois,University of Illinois Urbana-Champaign,1305 West Green Street,Urbana,61801,Champaign,13,Rodney L. Davis,103,Ammons Carol,52,Scott M. Bennett,In Use,1878,1878,33071,5,4,1,Industrial,Industrial,Not provided
University of Illinois,University of Illinois Urbana-Champaign,1409 West Green Street,Urbana,61801,Champaign,13,Rodney L. Davis,103,Ammons Carol,52,Scott M. Bennett,In Use,1896,1897,73160,6,5,1,Assembly,Assembly,Not provided
University of Illinois,University of Illinois Urbana-Champaign,702 South Wright Street,Urbana,61801,Champaign,13,Rodney L. Davis,103,Ammons Carol,52,Scott M. Bennett,In Use,1911,1911,166742,6,5,1,Assembly,Assembly,Business
University of Illinois,University of Illinois Urbana-Champaign,101 South Goodwin Ave,Urbana,61801,Champaign,13,Rodney L. Davis,103,Ammons Carol,52,Scott M. Bennett,In Use,1913,1912,15262,4,3,1,Education,Education,Not provided
University of Illinois,University of Illinois Urbana-Champaign,105 South Mathews Ave,Urbana,61801,Champaign,13,Rodney L. Davis,103,Ammons Carol,52,Scott M. Bennett,In Use,1905,1906,67677,6,5,1,Industrial,Industrial,Not provided
University of Illinois,University of Illinois Urbana-Champaign,609 East Curtis Rd,Urbana,61801,Champaign,13,Rodney L. Davis,103,Ammons Carol,52,Scott M. Bennett,In Use,1966,1966,5916,1,1,0,Industrial,Industrial,Not provided
University of Illinois,University of Illinois Urbana-Champaign,1301 West Green Street,Urbana,61801,Champaign,13,Rodney L. Davis,103,Ammons Carol,52,Scott M. Bennett,In Use,1909,1892,142281,5,5,0,Education,Education,Industrial
University of Illinois,University of Illinois Urbana-Champaign,901 South Mathews Ave,Urbana,61801,Champaign,13,Rodney L. Davis,103,Ammons Carol,52,Scott M. Bennett,In Use,1896,1896,13401,4,3,1,Assembly,Assembly,Not provided
University of Illinois,University of Illinois Urbana-Champaign,1304 West Green Street,Urbana,61801,Champaign,13,Rodney L. Davis,103,Ammons Carol,52,Scott M. Bennett,In Use,1908,1908,102521,6,5,1,Industrial,Industrial,Business
University of Illinois,University of Illinois Urbana-Champaign,1103 South Dorner Drive,Urbana,61801,Champaign,13,Rodney L. Davis,103,Ammons Carol,52,Scott M. Bennett,In Use,1918,1914,9050,4,3,1,Industrial,Industrial,Not provided
University of Illinois,University of Illinois Urbana-Champaign,103 South Mathews Ave,Urbana,61801,Champaign,13,Rodney L. Davis,103,Ammons Carol,52,Scott M. Bennett,In Use,1910,1911,45072,6,5,1,Industrial,Industrial,Not provided
University of Illinois,University of Illinois Urbana-Champaign,1406 West Green Street,Urbana,61801,Champaign,13,Rodney L. Davis,103,Ammons Carol,52,Scott M. Bennett,In Use,1949,1949,124946,6,5,1,Business,Business,Not provided
University of Illinois,University of Illinois Urbana-Champaign,1114 West Nevada Street,Urbana,61801,Champaign,13,Rodney L. Davis,103,Ammons Carol,52,Scott M. Bennett,In Use,1972,1968,96362,7,6,1,Business,Business,Assembly
University of Illinois,University of Illinois Urbana-Champaign,1402 West Pennsylvania Ave,Urbana,61801,Champaign,13,Rodney L. Davis,103,Ammons Carol,52,Scott M. Bennett,In Use,1914,1915,38467,2,2,0,Assembly,Assembly,Unusual
University of Illinois,University of Illinois Urbana-Champaign,1408 West Gregory Drive,Urbana,61801,Champaign,13,Rodney L. Davis,103,Ammons Carol,52,Scott M. Bennett,In Use,1926,1924,596000,13,12,1,Assembly,Assembly,Not provided
University of Illinois,University of Illinois Urbana-Champaign,104 South Mathews Ave,Urbana,61801,Champaign,13,Rodney L. Davis,103,Ammons Carol,52,Scott M. Bennett,In Use,1912,1912,51944,7,6,1,Assembly,Assembly,Business
University of Illinois,University of Illinois Urbana-Champaign,810 South Wright Street,Urbana,61801,Champaign,13,Rodney L. Davis,103,Ammons Carol,52,Scott M. Bennett,In Use,1939,1940,109393,7,6,1,Assembly,Assembly,Not provided
University of Illinois,University of Illinois Urbana-Champaign,608 South Wright Street,Urbana,61801,Champaign,13,Rodney L. Davis,103,Ammons Carol,52,Scott M. Bennett,In Use,1905,1905,132146,5,4,1,Assembly,Assembly,Not provided
University of Illinois,University of Illinois Urbana-Champaign,506 South Wright Street,Urbana,61801,Champaign,13,Rodney L. Davis,103,Ammons Carol,52,Scott M. Bennett,In Use,1915,1913,148780,6,5,1,Business,Business,Not provided
University of Illinois,University of Illinois Urbana-Champaign,201 South Goodwin Ave,Urbana,61801,Champaign,13,Rodney L. Davis,103,Ammons Carol,52,Scott M. Bennett,In Use,1932,1932,9411,1,1,0,Industrial,Industrial,Business
University of Illinois,University of Illinois Urbana-Champaign,608 E Lorado Taft Dr,Champaign,61820,Champaign,13,Rodney L. Davis,103,Ammons Carol,52,Scott M. Bennett,In Use,1927,1927,77204,6,5,1,Business,Business,Not provided
University of Illinois,University of Illinois Urbana-Champaign,500 South Goodwin Ave,Urbana,61801,Champaign,13,Rodney L. Davis,103,Ammons Carol,52,Scott M. Bennett,In Use,1968,1968,265486,11,8,3,Assembly,Assembly,Not provided
University of Illinois,University of Illinois Urbana-Champaign,1407 West Gregory Dr,Urbana,61801,Champaign,13,Rodney L. Davis,103,Ammons Carol,52,Scott M. Bennett,In Use,1926,1926,80434,6,5,1,Assembly,Assembly,Not provided
University of Illinois,University of Illinois Urbana-Champaign,105 South Goodwin Ave,Urbana,61801,Champaign,13,Rodney L. Davis,103,Ammons Carol,52,Scott M. Bennett,In Use,1916,1916,56120,6,5,1,Education,Education,Business
University of Illinois,University of Illinois Urbana-Champaign,608 East Healey Street,Champaign,61820,Champaign,13,Rodney L. Davis,103,Ammons Carol,52,Scott M. Bennett,In Use,1916,1915,22111,5,4,1,Industrial,Industrial,Not provided
University of Illinois,University of Illinois Urbana-Champaign,1301 West Lorado Taft Dr,Urbana,61801,Champaign,13,Rodney L. Davis,103,Ammons Carol,52,Scott M. Bennett,In Use,1915,1917,8022,1,1,0,Industrial,Industrial,Not provided
University of Illinois,University of Illinois Urbana-Champaign,1206 South Fourth Street,Champaign,61820,Champaign,13,Rodney L. Davis,103,Ammons Carol,52,Scott M. Bennett,In Use,1926,1926,141175,6,5,1,Assembly,Assembly,Business
University of Illinois,University of Illinois Urbana-Champaign,607 East Gregory Drive,Champaign,61820,Champaign,13,Rodney L. Davis,103,Ammons Carol,52,Scott M. Bennett,In Use,1904,1905,11896,4,3,1,Assembly,Assembly,Not provided
University of Illinois,University of Illinois Urbana-Champaign,805 South Mathews Ave,Urbana,61801,Champaign,13,Rodney L. Davis,103,Ammons Carol,52,Scott M. Bennett,In Use,1921,1922,65876,6,5,1,Assembly,Assembly,Not provided
University of Illinois,University of Illinois Urbana-Champaign,1212 West Springfield Ave,Urbana,61801,Champaign,13,Rodney L. Davis,103,Ammons Carol,52,Scott M. Bennett,In Use,1920,1917,46950,6,5,1,Education,Education,Not provided
University of Illinois,University of Illinois Urbana-Champaign,1105 West Nevada Street,Urbana,61801,Champaign,13,Rodney L. Davis,103,Ammons Carol,52,Scott M. Bennett,In Use,1956,1954,32360,4,3,1,Education,Education,Business
University of Illinois,University of Illinois Urbana-Champaign,1207 West Stoughton Street,Urbana,61801,Champaign,13,Rodney L. Davis,103,Ammons Carol,52,Scott M. Bennett,In Use,1930,1929,5755,4,3,1,Assembly,Assembly,Not provided
University of Illinois,University of Illinois Urbana-Champaign,906 South Goodwing Ave,Urbana,61801,Champaign,13,Rodney L. Davis,103,Ammons Carol,52,Scott M. Bennett,In Use,1931,1931,98512,6,5,1,Assembly,Assembly,Business
University of Illinois,University of Illinois Urbana-Champaign,721 South Wright Street,Champaign,61820,Champaign,13,Rodney L. Davis,103,Ammons Carol,52,Scott M. Bennett,In Use,1908,1908,40984,6,5,1,Business,Business,Not provided
University of Illinois,University of Illinois Urbana-Champaign,104 South Goodwin Ave,Urbana,61801,Champaign,13,Rodney L. Davis,103,Ammons Carol,52,Scott M. Bennett,In Use,1966,1960,135671,7,6,1,Industrial,Industrial,Not provided
University of Illinois,University of Illinois Urbana-Champaign,1110 West Green Street,Urbana,61801,Champaign,13,Rodney L. Davis,103,Ammons Carol,52,Scott M. Bennett,In Use,1959,1959,191600,7,6,1,Business,Business,Not provided
University of Illinois,University of Illinois Urbana-Champaign,1707 Â South Orchard Street,Urbana,61801,Champaign,13,Rodney L. Davis,103,Ammons Carol,52,Scott M. Bennett,In Use,1924,1923,47493,5,4,1,Industrial,Industrial,Not provided
University of Illinois,University of Illinois Urbana-Champaign,1301 West Gregory Drive,Urbana,61801,Champaign,13,Rodney L. Davis,103,Ammons Carol,52,Scott M. Bennett,In Use,1923,1924,99092,7,6,1,Education,Education,Assembly
University of Illinois,University of Illinois Urbana-Champaign,713 South Wright Street,Champaign,61820,Champaign,13,Rodney L. Davis,103,Ammons Carol,52,Scott M. Bennett,In Use,1912,1912,31683,4,4,0,Mercantile,Mercantile,Business
University of Illinois,University of Illinois Urbana-Champaign,1400 South First,Champaign,61820,Champaign,13,Rodney L. Davis,103,Ammons Carol,52,Scott M. Bennett,In Use,1925,1925,203204,8,7,1,Assembly,Assembly,Not provided
University of Illinois,University of Illinois Urbana-Champaign,1302 West Pennsylvania Ave,Urbana,61801,Champaign,13,Rodney L. Davis,103,Ammons Carol,52,Scott M. Bennett,In Use,1925,1925,24744,5,4,1,Industrial,Industrial,Not provided
University of Illinois,University of Illinois Urbana-Champaign,601 South Goodwin Avenue,Urbana,61801,Champaign,13,Rodney L. Davis,103,Ammons Carol,52,Scott M. Bennett,In Use,1996,1996,230000,7,6,1,Education,Education,Not provided
University of Illinois,University of Illinois Urbana-Champaign,51 East Gerty Drive,Champaign,61820,Champaign,13,Rodney L. Davis,103,Ammons Carol,52,Scott M. Bennett,In Use,1967,1967,45772,3,2,1,Education,Education,Not provided
University of Illinois,University of Illinois Urbana-Champaign,601 East Daniel Street,Champaign,61820,Champaign,13,Rodney L. Davis,103,Ammons Carol,52,Scott M. Bennett,In Use,1969,1970,147733,10,9,1,Assembly,Assembly,Industrial
University of Illinois,University of Illinois Urbana-Champaign,1005 West Western Ave,Champaign,61801,Champaign,13,Rodney L. Davis,103,Ammons Carol,52,Scott M. Bennett,In Use,1943,1943,6330,3,3,0,Industrial,Industrial,Not provided
University of Illinois,University of Illinois Urbana-Champaign,1207 South Fourth Street,Champaign,61820,Champaign,13,Rodney L. Davis,103,Ammons Carol,52,Scott M. Bennett,In Use,1954,1942,45655,6,5,1,Residential,Residential,Not provided
University of Illinois,University of Illinois Urbana-Champaign,100 South Goodwin Avenue,Urbana,61801,Champaign,13,Rodney L. Davis,103,Ammons Carol,52,Scott M. Bennett,In Use,1996,1996,32458,3,2,1,Industrial,Industrial,Not provided
University of Illinois,University of Illinois Urbana-Champaign,1402 West Gregory Drive,Urbana,61801,Champaign,13,Rodney L. Davis,103,Ammons Carol,52,Scott M. Bennett,In Use,1969,1965,101207,5,3,2,Assembly,Assembly,Not provided
University of Illinois,University of Illinois Urbana-Champaign,1009 West Western Ave,Urbana,61801,Champaign,13,Rodney L. Davis,103,Ammons Carol,52,Scott M. Bennett,In Use,1920,1920,1850,3,3,0,Industrial,Industrial,Not provided
University of Illinois,University of Illinois Urbana-Champaign,23 East Stadium Drive,Champaign,61820,Champaign,13,Rodney L. Davis,103,Ammons Carol,52,Scott M. Bennett,In Use,1947,1947,43604,2,2,0,Industrial,Industrial,Not provided
University of Illinois,University of Illinois Urbana-Champaign,1206 West Green Street,Urbana,61801,Champaign,13,Rodney L. Davis,103,Ammons Carol,52,Scott M. Bennett,In Use,1949,1949,85111,6,5,1,Business,Business,Industrial
University of Illinois,University of Illinois Urbana-Champaign,1803 South Orchard,Urbana,61801,Champaign,13,Rodney L. Davis,103,Ammons Carol,52,Scott M. Bennett,In Use,1929,1955,3255,1,1,0,Industrial,Industrial,Not provided
University of Illinois,University of Illinois Urbana-Champaign,600 South Mathews Avenue,Urbana,61801,Champaign,13,Rodney L. Davis,103,Ammons Carol,52,Scott M. Bennett,In Use,1950,1950,260237,8,7,1,Industrial,Industrial,Business
University of Illinois,University of Illinois Urbana-Champaign,103 South Goodwin Ave,Urbana,61801,Champaign,13,Rodney L. Davis,103,Ammons Carol,52,Scott M. Bennett,In Use,1913,1913,25349,2,2,0,Industrial,Industrial,Not provided
University of Illinois,University of Illinois Urbana-Champaign,1117 South Oak Street,Champaign,61820,Champaign,13,Rodney L. Davis,103,Ammons Carol,52,Scott M. Bennett,In Use,1941,1941,88973,5,4,1,Industrial,Industrial,Not provided
University of Illinois,University of Illinois Urbana-Champaign,2520 South First,Champaign,61801,Champaign,13,Rodney L. Davis,103,Ammons Carol,52,Scott M. Bennett,In Use,1928,1937,720,1,1,0,Industrial,Industrial,Not provided
University of Illinois,University of Illinois Urbana-Champaign,1101 West Peabody Drive,Urbana,61801,Champaign,13,Rodney L. Davis,103,Ammons Carol,52,Scott M. Bennett,In Use,1952,1952,89493,6,5,1,Health Care,Education,Not provided
University of Illinois,University of Illinois Urbana-Champaign,1403 West Lorado Taft Drive,Urbana,61801,Champaign,13,Rodney L. Davis,103,Ammons Carol,52,Scott M. Bennett,In Use,1870,1899,2864,4,3,1,Business,Business,Not provided
University of Illinois,University of Illinois Urbana-Champaign,810 South Sixth Street,Champaign,61820,Champaign,13,Rodney L. Davis,103,Ammons Carol,52,Scott M. Bennett,In Use,1931,1945,2600,3,2,1,Business,Business,Not provided
University of Illinois,University of Illinois Urbana-Champaign,805 South Wright Street,Champaign,61820,Champaign,13,Rodney L. Davis,103,Ammons Carol,52,Scott M. Bennett,In Use,1920,1920,27369,6,5,1,Business,Business,Not provided
University of Illinois,University of Illinois Urbana-Champaign,1102 South Goodwin,Urbana,61801,Champaign,13,Rodney L. Davis,103,Ammons Carol,52,Scott M. Bennett,In Use,1969,1964,54826,4,3,1,Industrial,Industrial,Not provided
University of Illinois,University of Illinois Urbana-Champaign,407 S Goodwin Ave,Urbana,61801,Champaign,13,Rodney L. Davis,103,Ammons Carol,52,Scott M. Bennett,In Use,1959,1959,171434,8,7,1,Industrial,Industrial,Assembly
University of Illinois,University of Illinois Urbana-Champaign,608 S Mathews Ave,Urbana,61801,Champaign,13,Rodney L. Davis,103,Ammons Carol,52,Scott M. Bennett,In Use,1918,1918,6314,5,4,1,Business,Business,Not provided
University of Illinois,University of Illinois Urbana-Champaign,1805 South Wright Extended,Champaign,61801,Champaign,13,Rodney L. Davis,103,Ammons Carol,52,Scott M. Bennett,In Use,1965,1965,11237,3,2,1,Business,Business,Not provided
University of Illinois,University of Illinois Urbana-Champaign,1205 1/2 West Nevada Street,Urbana,61801,Champaign,13,Rodney L. Davis,103,Ammons Carol,52,Scott M. Bennett,In Use,1927,1927,5275,5,4,1,Business,Business,Not provided
University of Illinois,University of Illinois Urbana-Champaign,1205 W Nevada Street,Urbana,61801,Champaign,13,Rodney L. Davis,103,Ammons Carol,52,Scott M. Bennett,In Use,1926,1926,4635,4,3,1,Business,Business,Not provided
University of Illinois,University of Illinois Urbana-Champaign,1204 West Devada Street,Urbana,61801,Champaign,13,Rodney L. Davis,103,Ammons Carol,52,Scott M. Bennett,In Use,1920,1920,4651,5,4,1,Business,Business,Not provided
University of Illinois,University of Illinois Urbana-Champaign,301 North Mathews Avenue,Urbana,61801,Champaign,13,Rodney L. Davis,103,Ammons Carol,52,Scott M. Bennett,In Use,1970,1970,29533,4,3,1,Industrial,Industrial,Business
University of Illinois,University of Illinois Urbana-Champaign,1011 West Western Ave,Urbana,61801,Champaign,13,Rodney L. Davis,103,Ammons Carol,52,Scott M. Bennett,In Use,1926,1925,15785,1,1,0,Industrial,Industrial,Not provided
University of Illinois,University of Illinois Urbana-Champaign,52 East Gregory Dr,Champaign,61820,Champaign,13,Rodney L. Davis,103,Ammons Carol,52,Scott M. Bennett,In Use,1969,1968,13985,3,2,1,Business,Business,Not provided
University of Illinois,University of Illinois Urbana-Champaign,504 East Pennsylvania Dr,Urbana,61801,Champaign,13,Rodney L. Davis,103,Ammons Carol,52,Scott M. Bennett,In Use,1955,1955,125155,5,4,1,Assembly,Assembly,Business
University of Illinois,University of Illinois Urbana-Champaign,1201 West Nevada Street,Urbana,61801,Champaign,13,Rodney L. Davis,103,Ammons Carol,52,Scott M. Bennett,In Use,1919,1919,5925,5,4,1,Business,Business,Not provided
University of Illinois,University of Illinois Urbana-Champaign,905 S Goodwin Ave,Urbana,61801,Champaign,13,Rodney L. Davis,103,Ammons Carol,52,Scott M. Bennett,In Use,1956,1956,154780,8,7,1,Business,Business,Not provided
University of Illinois,University of Illinois Urbana-Champaign,1206 South Sixth Street,Champaign,61820,Champaign,13,Rodney L. Davis,103,Ammons Carol,52,Scott M. Bennett,In Use,1964,1964,98206,6,5,1,Assembly,Assembly,Not provided
University of Illinois,University of Illinois Urbana-Champaign,1310 South Sixth Street,Champaign,61820,Champaign,13,Rodney L. Davis,103,Ammons Carol,52,Scott M. Bennett,In Use,1964,1963,92788,5,4,1,Education,Education,Assembly
University of Illinois,University of Illinois Urbana-Champaign,1401 S Maryland Dr,Urbana,61801,Champaign,13,Rodney L. Davis,103,Ammons Carol,52,Scott M. Bennett,In Use,1904,1904,5608,4,3,1,Business,Business,Not provided
University of Illinois,University of Illinois Urbana-Champaign,1013 West Western Avenue,Urbana,61801,Champaign,13,Rodney L. Davis,103,Ammons Carol,52,Scott M. Bennett,In Use,1949,1942,2240,1,1,0,Industrial,Industrial,Not provided
University of Illinois,University of Illinois Urbana-Champaign,1015 West Western Avenue,Urbana,61801,Champaign,13,Rodney L. Davis,103,Ammons Carol,52,Scott M. Bennett,In Use,1949,1942,2420,1,1,0,Industrial,Industrial,Not provided
University of Illinois,University of Illinois Urbana-Champaign,1017 West Western,Urbana,61801,Champaign,13,Rodney L. Davis,103,Ammons Carol,52,Scott M. Bennett,In Use,1950,1942,1550,1,1,0,Storage,Storage,Not provided
University of Illinois,University of Illinois Urbana-Champaign,1207 W Gregory Drive,Urbana,61801,Champaign,13,Rodney L. Davis,103,Ammons Carol,52,Scott M. Bennett,In Use,1952,1951,151257,9,7,2,Industrial,Industrial,Business
University of Illinois,University of Illinois Urbana-Champaign,401 East Healey Street,Champaign,61820,Champaign,13,Rodney L. Davis,103,Ammons Carol,52,Scott M. Bennett,In Use,1905,1905,16086,4,3,1,Industrial,Industrial,Not provided
University of Illinois,University of Illinois Urbana-Champaign,1005 W Nevada Street,Urbana,61801,Champaign,13,Rodney L. Davis,103,Ammons Carol,52,Scott M. Bennett,In Use,1923,1923,9688,5,4,1,Business,Business,Not provided
University of Illinois,University of Illinois Urbana-Champaign,1208 West Pennsylvania Ave,Urbana,61801,Champaign,13,Rodney L. Davis,103,Ammons Carol,52,Scott M. Bennett,In Use,1963,1963,23808,5,4,1,Industrial,Industrial,Not provided
University of Illinois,University of Illinois Urbana-Champaign,1609 South Oak Street,Urbana,61820,Champaign,13,Rodney L. Davis,103,Ammons Carol,52,Scott M. Bennett,In Use,1969,1967,40942,2,2,0,Storage,Storage,Not provided
University of Illinois,University of Illinois Urbana-Champaign,1503 South Maryland Drive,Urbana,61801,Champaign,13,Rodney L. Davis,103,Ammons Carol,52,Scott M. Bennett,In Use,1955,1955,25211,4,3,1,Industrial,Industrial,Not provided
University of Illinois,University of Illinois Urbana-Champaign,707 South Mathews Ave,Urbana,61801,Champaign,13,Rodney L. Davis,103,Ammons Carol,52,Scott M. Bennett,In Use,1971,1971,113015,7,6,1,Assembly,Assembly,Business
University of Illinois,University of Illinois Urbana-Champaign,708 South Mathews Ave,Urbana,61801,Champaign,13,Rodney L. Davis,103,Ammons Carol,52,Scott M. Bennett,In Use,1920,1920,7846,5,4,1,Business,Business,Not provided
University of Illinois,University of Illinois Urbana-Champaign,1101 West Springfield Ave,Urbana,61801,Champaign,13,Rodney L. Davis,103,Ammons Carol,52,Scott M. Bennett,In Use,1962,1962,107075,9,8,1,Industrial,Industrial,Not provided
University of Illinois,University of Illinois Urbana-Champaign,1207 South Oak Street,Champaign,61820,Champaign,13,Rodney L. Davis,103,Ammons Carol,52,Scott M. Bennett,In Use,1965,1965,42367,3,2,1,Business,Business,Not provided
University of Illinois,University of Illinois Urbana-Champaign,905 West Pennsylvania,Urbana,61801,Champaign,13,Rodney L. Davis,103,Ammons Carol,52,Scott M. Bennett,In Use,1954,1951,892,1,1,0,Storage,Storage,Not provided
University of Illinois,University of Illinois Urbana-Champaign,102 South Goodwin Ave,Urbana,61801,Champaign,13,Rodney L. Davis,103,Ammons Carol,52,Scott M. Bennett,In Use,1960,1960,5614,4,3,1,Industrial,Industrial,Not provided
University of Illinois,University of Illinois Urbana-Champaign,1305 South Goodwin,Urbana,61801,Champaign,13,Rodney L. Davis,103,Ammons Carol,52,Scott M. Bennett,In Use,1952,1952,10478,3,2,1,Business,Business,Not provided
University of Illinois,University of Illinois Urbana-Champaign,1208 West Nevada Street,Urbana,61801,Champaign,13,Rodney L. Davis,103,Ammons Carol,52,Scott M. Bennett,In Use,1927,1927,4003,5,4,1,Business,Business,Not provided
University of Illinois,University of Illinois Urbana-Champaign,1207 West Westernnois,Urbana,61801,Champaign,13,Rodney L. Davis,103,Ammons Carol,52,Scott M. Bennett,In Use,1918,1952,168,1,1,0,Industrial,Industrial,Not provided
University of Illinois,University of Illinois Urbana-Champaign,506 South Mathews Ave,Urbana,61801,Champaign,13,Rodney L. Davis,103,Ammons Carol,52,Scott M. Bennett,In Use,1975,1975,108401,7,6,1,Industrial,Industrial,Business
University of Illinois,University of Illinois Urbana-Champaign,1203 W Nevada Street,Urbana,61801,Champaign,13,Rodney L. Davis,103,Ammons Carol,52,Scott M. Bennett,In Use,1914,1914,9157,5,4,1,Business,Business,Not provided
University of Illinois,University of Illinois Urbana-Champaign,607 E Healey Street,Champaign,61820,Champaign,13,Rodney L. Davis,103,Ammons Carol,52,Scott M. Bennett,In Use,1962,1962,11242,2,2,0,Industrial,Industrial,Not provided
University of Illinois,University of Illinois Urbana-Champaign,1102 South Goodwin Ave,Urbana,61801,Champaign,13,Rodney L. Davis,103,Ammons Carol,52,Scott M. Bennett,In Use,1964,1964,178186,8,7,1,Industrial,Industrial,Business
University of Illinois,University of Illinois Urbana-Champaign,1501 South Oak Street,Champaign,61820,Champaign,13,Rodney L. Davis,103,Ammons Carol,52,Scott M. Bennett,In Use,1963,1963,155308,3,2,1,Industrial,Business,Storage
University of Illinois,University of Illinois Urbana-Champaign,1001 W Nevada Street,Urbana,61801,Champaign,13,Rodney L. Davis,103,Ammons Carol,52,Scott M. Bennett,In Use,1918,1918,4451,4,3,1,Business,Business,Not provided
University of Illinois,University of Illinois Urbana-Champaign,1801 South Orchard,Urbana,61801,Champaign,13,Rodney L. Davis,103,Ammons Carol,52,Scott M. Bennett,In Use,1954,1954,7384,1,1,0,Industrial,Industrial,Not provided
University of Illinois,University of Illinois Urbana-Champaign,1304 W Springfield Ave,Urbana,61801,Champaign,13,Rodney L. Davis,103,Ammons Carol,52,Scott M. Bennett,In Use,1958,1958,190977,5,4,1,Industrial,Industrial,Business
University of Illinois,University of Illinois Urbana-Champaign,504 East Armory Ave,Champaign,61820,Champaign,13,Rodney L. Davis,103,Ammons Carol,52,Scott M. Bennett,In Use,1962,1962,22272,5,4,1,Business,Business,Not provided
University of Illinois,University of Illinois Urbana-Champaign,408 East Peabody Drive,Champaign,61820,Champaign,13,Rodney L. Davis,103,Ammons Carol,52,Scott M. Bennett,In Use,1961,1962,74643,5,4,1,Assembly,Assembly,Not provided
University of Illinois,University of Illinois Urbana-Champaign,500 East Peabody Drive,Champaign,61820,Champaign,13,Rodney L. Davis,103,Ammons Carol,52,Scott M. Bennett,In Use,1961,1961,78380,4,3,1,Assembly,Assembly,Business
University of Illinois,University of Illinois Urbana-Champaign,805 West Pennsylvania Ave,Urbana,61801,Champaign,13,Rodney L. Davis,103,Ammons Carol,52,Scott M. Bennett,In Use,1930,1930,10548,5,4,1,Business,Business,Not provided
University of Illinois,University of Illinois Urbana-Champaign,54 East Gregory Drive,Champaign,61820,Champaign,13,Rodney L. Davis,103,Ammons Carol,52,Scott M. Bennett,In Use,1959,1959,49319,3,3,0,Business,Business,Not provided
University of Illinois,University of Illinois Urbana-Champaign,1205 West Oregon Street,Urbana,61801,Champaign,13,Rodney L. Davis,103,Ammons Carol,52,Scott M. Bennett,In Use,1916,1916,4720,5,4,1,Business,Business,Not provided
University of Illinois,University of Illinois Urbana-Champaign,20 East Armory Ave,Champaign,61820,Champaign,13,Rodney L. Davis,103,Ammons Carol,52,Scott M. Bennett,In Use,1910,1910,37761,2,2,0,Storage,Storage,Not provided
University of Illinois,University of Illinois Urbana-Champaign,1207 West Oregon Street,Urbana,61801,Champaign,13,Rodney L. Davis,103,Ammons Carol,52,Scott M. Bennett,In Use,1927,1927,18360,5,4,1,Business,Business,Not provided
University of Illinois,University of Illinois Urbana-Champaign,505 South Goodwin Ave,Urbana,61801,Champaign,13,Rodney L. Davis,103,Ammons Carol,52,Scott M. Bennett,In Use,1963,1963,167546,9,8,1,Business,Industrial,Education
University of Illinois,University of Illinois Urbana-Champaign,1409 South Oak Street,Champaign,61820,Champaign,13,Rodney L. Davis,103,Ammons Carol,52,Scott M. Bennett,In Use,1960,1960,1800,1,1,0,Storage,Storage,Not provided
University of Illinois,University of Illinois Urbana-Champaign,912 South Fifth Street,Champaign,61820,Champaign,13,Rodney L. Davis,103,Ammons Carol,52,Scott M. Bennett,In Use,1931,1931,3136,4,3,1,Business,Business,Not provided
University of Illinois,University of Illinois Urbana-Champaign,1325 South Oak Street,Champaign,61820,Champaign,13,Rodney L. Davis,103,Ammons Carol,52,Scott M. Bennett,In Use,1964,1964,32975,3,2,1,Storage,Storage,Business
University of Illinois,University of Illinois Urbana-Champaign,909 W Nevada Street,Urbana,61801,Champaign,13,Rodney L. Davis,103,Ammons Carol,52,Scott M. Bennett,In Use,1929,1929,3284,5,4,1,Business,Business,Not provided
University of Illinois,University of Illinois Urbana-Champaign,51 East Armory Ave,Champaign,61820,Champaign,13,Rodney L. Davis,103,Ammons Carol,52,Scott M. Bennett,In Use,1919,1919,6110,5,4,1,Business,Business,Not provided
University of Illinois,University of Illinois Urbana-Champaign,8 East Gerty Drive,Champaign,61801,Champaign,13,Rodney L. Davis,103,Ammons Carol,52,Scott M. Bennett,In Use,1971,1972,1227,1,1,0,Business,Business,Not provided
University of Illinois,University of Illinois Urbana-Champaign,912 West Illinois Street,Urbana,61801,Champaign,13,Rodney L. Davis,103,Ammons Carol,52,Scott M. Bennett,In Use,1924,1924,4988,4,3,1,Business,Business,Not provided
University of Illinois,University of Illinois Urbana-Champaign,1102 West Hazelwood Drive,Urbana,61801,Champaign,13,Rodney L. Davis,103,Ammons Carol,52,Scott M. Bennett,In Use,1971,1970,16619,2,2,0,Health Care,Health Care,Not provided
University of Illinois,University of Illinois Urbana-Champaign,23 East Stadium Drive,Champaign,61801,Champaign,13,Rodney L. Davis,103,Ammons Carol,52,Scott M. Bennett,In Use,1964,1963,2400,1,1,0,Storage,Storage,Not provided
University of Illinois,University of Illinois Urbana-Champaign,1501 South Oak Street,Champaign,61820,Champaign,13,Rodney L. Davis,103,Ammons Carol,52,Scott M. Bennett,In Use,1966,1966,3680,1,1,0,Storage,Storage,Not provided
University of Illinois,University of Illinois Urbana-Champaign,1 East St.mary's Road,Champaign,61820,Champaign,13,Rodney L. Davis,103,Ammons Carol,52,Scott M. Bennett,In Use,1968,1967,7684,3,2,1,Business,Business,Not provided
University of Illinois,University of Illinois Urbana-Champaign,1804 South Griffith Drive,Champaign,61820,Champaign,13,Rodney L. Davis,103,Ammons Carol,52,Scott M. Bennett,In Use,1969,1969,1338,1,1,0,Business,Education,Not provided
University of Illinois,University of Illinois Urbana-Champaign,1917 South Wright Exteded,Champaign,61820,Champaign,13,Rodney L. Davis,103,Ammons Carol,52,Scott M. Bennett,In Use,1968,1967,8360,1,1,0,Business,Business,Not provided
University of Illinois,University of Illinois Urbana-Champaign,2122 S Griffith Drive,Champaign,61820,Champaign,13,Rodney L. Davis,103,Ammons Carol,52,Scott M. Bennett,In Use,1968,1967,4087,1,1,0,Industrial,Industrial,Not provided
University of Illinois,University of Illinois Urbana-Champaign,2128 South Griffth Drive,Champaign,61820,Champaign,13,Rodney L. Davis,103,Ammons Carol,52,Scott M. Bennett,In Use,1968,1967,3280,1,1,0,Industrial,Education,Not provided
University of Illinois,University of Illinois Urbana-Champaign,1919 South Wright St Extended,Champaign,61820,Champaign,13,Rodney L. Davis,103,Ammons Carol,52,Scott M. Bennett,In Use,1972,1971,4878,2,2,0,Storage,Storage,Not provided
University of Illinois,University of Illinois Urbana-Champaign,1009 West St Mary's Road,Urbana,61801,Champaign,13,Rodney L. Davis,103,Ammons Carol,52,Scott M. Bennett,In Use,1971,1970,10058,3,2,1,Industrial,Industrial,Not provided
University of Illinois,University of Illinois Urbana-Champaign,University Of Illinois,Urbana,61801,Champaign,13,Rodney L. Davis,103,Ammons Carol,52,Scott M. Bennett,In Use,1971,1988,7224,1,1,0,Storage,Storage,Not provided
University of Illinois,University of Illinois Urbana-Champaign,South Race,Urbana,61801,Champaign,13,Rodney L. Davis,103,Ammons Carol,52,Scott M. Bennett,In Use,1982,1980,5853,1,1,0,Unusual,Unusual,Not provided
University of Illinois,University of Illinois Urbana-Champaign,South Race,Urbana,61801,Champaign,13,Rodney L. Davis,103,Ammons Carol,52,Scott M. Bennett,In Use,1981,1980,2856,1,1,0,Unusual,Unusual,Not provided
University of Illinois,University of Illinois Urbana-Champaign,901 South Sixth Street,Champaign,61820,Champaign,13,Rodney L. Davis,103,Ammons Carol,52,Scott M. Bennett,In Use,1977,1975,29294,4,3,1,Business,Business,Not provided
University of Illinois,University of Illinois Urbana-Champaign,501 E Daniel,Champaign,61820,Champaign,13,Rodney L. Davis,103,Ammons Carol,52,Scott M. Bennett,In Use,1992,1935,21845,5,4,1,Assembly,Assembly,Not provided
University of Illinois,University of Illinois Urbana-Champaign,Windsor Road,Urbana,61801,Champaign,13,Rodney L. Davis,103,Ammons Carol,52,Scott M. Bennett,In Use,1981,1974,1880,1,1,0,Unusual,Unusual,Not provided
University of Illinois,University of Illinois Urbana-Champaign,3502 South First,Champaign,61801,Champaign,13,Rodney L. Davis,103,Ammons Carol,52,Scott M. Bennett,In Use,1982,1981,4078,1,1,0,Business,Business,Not provided
University of Illinois,University of Illinois Urbana-Champaign,2121 South Griffith Drive,Champaign,61801,Champaign,13,Rodney L. Davis,103,Ammons Carol,52,Scott M. Bennett,In Use,1984,1981,2560,1,1,0,Storage,Storage,Not provided
University of Illinois,University of Illinois Urbana-Champaign,3502 South First,Champaign,61801,Champaign,13,Rodney L. Davis,103,Ammons Carol,52,Scott M. Bennett,In Use,1982,1981,4000,2,2,0,Unusual,Unusual,Not provided
University of Illinois,University of Illinois Urbana-Champaign,3502 South First,Champaign,61801,Champaign,13,Rodney L. Davis,103,Ammons Carol,52,Scott M. Bennett,In Use,1982,1981,2101,1,1,0,Unusual,Unusual,Not provided
University of Illinois,University of Illinois Urbana-Champaign,3502 South First,Champaign,61801,Champaign,13,Rodney L. Davis,103,Ammons Carol,52,Scott M. Bennett,In Use,1982,1982,3046,1,1,0,Unusual,Unusual,Not provided
University of Illinois,University of Illinois Urbana-Champaign,3502 South First,Champaign,61801,Champaign,13,Rodney L. Davis,103,Ammons Carol,52,Scott M. Bennett,In Use,1982,1981,5248,1,1,0,Unusual,Unusual,Not provided
University of Illinois,University of Illinois Urbana-Champaign,3502 South First,Champaign,61801,Champaign,13,Rodney L. Davis,103,Ammons Carol,52,Scott M. Bennett,In Use,1982,1981,5248,1,1,0,Unusual,Unusual,Not provided
University of Illinois,University of Illinois Urbana-Champaign,3502 South First,Champaign,61801,Champaign,13,Rodney L. Davis,103,Ammons Carol,52,Scott M. Bennett,In Use,1982,1981,7306,1,1,0,Unusual,Unusual,Not provided
University of Illinois,University of Illinois Urbana-Champaign,2109 South Griffith Drive,Champaign,61820,Champaign,13,Rodney L. Davis,103,Ammons Carol,52,Scott M. Bennett,In Use,1993,1993,4992,1,1,0,Business,Business,Not provided
University of Illinois,University of Illinois Urbana-Champaign,2111 South Griffith Drive,Champaign,61820,Champaign,13,Rodney L. Davis,103,Ammons Carol,52,Scott M. Bennett,In Use,1993,1993,4992,1,1,0,Business,Business,Not provided
University of Illinois,University of Illinois Urbana-Champaign,2108 South Griffith Drive,Champaign,61820,Champaign,13,Rodney L. Davis,103,Ammons Carol,52,Scott M. Bennett,In Use,1993,1993,4992,1,1,0,Business,Business,Not provided
University of Illinois,University of Illinois Urbana-Champaign,201 Hazelwood Drive,Champaign,61820,Champaign,13,Rodney L. Davis,103,Ammons Carol,52,Scott M. Bennett,In Use,1988,1988,20790,1,1,0,Industrial,Industrial,Not provided
University of Illinois,University of Illinois Urbana-Champaign,1007 West Nevada Street,Urbana,61801,Champaign,13,Rodney L. Davis,103,Ammons Carol,52,Scott M. Bennett,In Use,1992,1992,13529,2,2,0,Business,Business,Not provided
University of Illinois,University of Illinois Urbana-Champaign,809 South Oak Street,Urbana,61801,Champaign,13,Rodney L. Davis,103,Ammons Carol,52,Scott M. Bennett,In Use,2004,2004,19900,1,1,0,Education,Education,Not provided
University of Illinois,University of Illinois Urbana-Champaign,1201 West Gregory Drive,Urbana,61801,Champaign,13,Rodney L. Davis,103,Ammons Carol,52,Scott M. Bennett,In Use,1991,1991,5499,2,1,1,Industrial,Industrial,Not provided
University of Illinois,University of Illinois Urbana-Champaign,1611 South Oak Street,Champaign,61820,Champaign,13,Rodney L. Davis,103,Ammons Carol,52,Scott M. Bennett,In Use,1989,1989,9880,1,1,0,Business,Business,Not provided
University of Illinois,University of Illinois Urbana-Champaign,905 West Nevada Street,Urbana,61801,Champaign,13,Rodney L. Davis,103,Ammons Carol,52,Scott M. Bennett,In Use,1988,1988,7234,2,2,0,Business,Business,Not provided
University of Illinois,University of Illinois Urbana-Champaign,,Urbana,61801,Champaign,13,Rodney L. Davis,103,Ammons Carol,52,Scott M. Bennett,In Use,1990,1990,19092,2,2,0,Assembly,Assembly,Not provided
University of Illinois,University of Illinois Urbana-Champaign,1201 West Gregory Drive,Urbana,61801,Champaign,13,Rodney L. Davis,103,Ammons Carol,52,Scott M. Bennett,In Use,1991,1991,171231,5,4,1,Assembly,Assembly,Not provided
University of Illinois,University of Illinois Urbana-Champaign,1806 South Griffith Drive,Champaign,61820,Champaign,13,Rodney L. Davis,103,Ammons Carol,52,Scott M. Bennett,In Use,1989,1989,1600,1,1,0,Business,Business,Not provided
University of Illinois,University of Illinois Urbana-Champaign,1004 South Fourth Street,Champaign,61820,Champaign,13,Rodney L. Davis,103,Ammons Carol,52,Scott M. Bennett,In Use,1991,1933,27118,5,4,1,Business,Business,Not provided
University of Illinois,University of Illinois Urbana-Champaign,1800 South Wright Street,Urbana,61820,Champaign,13,Rodney L. Davis,103,Ammons Carol,52,Scott M. Bennett,In Use,1991,1991,60891,2,2,0,Assembly,Assembly,Not provided
University of Illinois,University of Illinois Urbana-Champaign,1102 West Gregory Drive,Urbana,61801,Champaign,13,Rodney L. Davis,103,Ammons Carol,52,Scott M. Bennett,In Use,1989,1989,25741,2,2,0,Assembly,Assembly,Not provided
University of Illinois,University of Illinois Urbana-Champaign,907 1/2 West Nevada,Urbana,61801,Champaign,13,Rodney L. Davis,103,Ammons Carol,52,Scott M. Bennett,In Use,1989,1989,4595,1,1,0,Business,Business,Not provided
University of Illinois,University of Illinois Urbana-Champaign,2110 South Griffith Drive,Champaign,61820,Champaign,13,Rodney L. Davis,103,Ammons Carol,52,Scott M. Bennett,In Use,1990,1990,5124,1,1,0,Industrial,Industrial,Not provided
University of Illinois,University of Illinois Urbana-Champaign,University Of Illinois,Urbana,61801,Champaign,13,Rodney L. Davis,103,Ammons Carol,52,Scott M. Bennett,In Use,1971,1970,3456,1,1,0,Industrial,Industrial,Not provided
University of Illinois,University of Illinois Urbana-Champaign,901 West Oregon,Urbana,61801,Champaign,13,Rodney L. Davis,103,Ammons Carol,52,Scott M. Bennett,In Use,1991,1953,6238,4,3,1,Business,Education,Not provided
University of Illinois,University of Illinois Urbana-Champaign,910 South Fifth,Champaign,61820,Champaign,13,Rodney L. Davis,103,Ammons Carol,52,Scott M. Bennett,In Use,1991,1991,22350,3,3,0,Business,Business,Not provided
University of Illinois,University of Illinois Urbana-Champaign,2006 South Griffith Drive,Champaign,61820,Champaign,13,Rodney L. Davis,103,Ammons Carol,52,Scott M. Bennett,In Use,1995,1995,11650,1,1,0,Storage,Storage,Not provided
University of Illinois,University of Illinois Urbana-Champaign,1202 West Green Street,Urbana,61801,Champaign,13,Rodney L. Davis,103,Ammons Carol,52,Scott M. Bennett,In Use,1908,1908,2682,3,3,0,Business,Business,Not provided
University of Illinois,University of Illinois Urbana-Champaign,1209 S Fourth Street,Champaign,61820,Champaign,13,Rodney L. Davis,103,Ammons Carol,52,Scott M. Bennett,In Use,1954,1942,32640,6,5,1,Residential,Residential,Not provided
University of Illinois,University of Illinois Urbana-Champaign,University Of Illinois,Urbana,61801,Champaign,13,Rodney L. Davis,103,Ammons Carol,52,Scott M. Bennett,In Use,1977,1977,208,1,1,0,Storage,Storage,Not provided
University of Illinois,University of Illinois Urbana-Champaign,601 East John St,Champaign,61820,Champaign,13,Rodney L. Davis,103,Ammons Carol,52,Scott M. Bennett,In Use,1983,1983,33134,8,7,1,Business,Business,Not provided
University of Illinois,University of Illinois Urbana-Champaign,101 S Gregory St,Urbana,61801,Champaign,13,Rodney L. Davis,103,Ammons Carol,52,Scott M. Bennett,In Use,1986,1986,5772,2,2,0,Business,Business,Not provided
University of Illinois,University of Illinois Urbana-Champaign,1308 West Main,Urbana,61801,Champaign,13,Rodney L. Davis,103,Ammons Carol,52,Scott M. Bennett,In Use,1990,1992,119994,6,5,1,Education,Education,Not provided
University of Illinois,University of Illinois Urbana-Champaign,609 1/2 East Curits Road,Champaign,61820,Champaign,13,Rodney L. Davis,103,Ammons Carol,52,Scott M. Bennett,In Use,1970,1970,4900,1,1,0,Business,Education,Not provided
University of Illinois,University of Illinois Urbana-Champaign,6 East Gerty Drive,Champaign,61801,Champaign,13,Rodney L. Davis,103,Ammons Carol,52,Scott M. Bennett,In Use,1977,1977,625,1,1,0,Storage,Storage,Not provided
University of Illinois,University of Illinois Urbana-Champaign,1006 East St. Mary's Road,Urbana,61801,Champaign,13,Rodney L. Davis,103,Ammons Carol,52,Scott M. Bennett,In Use,1985,1985,684,1,1,0,Storage,Storage,Not provided
University of Illinois,University of Illinois Urbana-Champaign,2127 South Griffith Drive,Champaign,61820,Champaign,13,Rodney L. Davis,103,Ammons Carol,52,Scott M. Bennett,In Use,1978,1978,4800,1,1,0,Storage,Storage,Not provided
University of Illinois,University of Illinois Urbana-Champaign,2115 South Griffth Dr,Champaign,61820,Champaign,13,Rodney L. Davis,103,Ammons Carol,52,Scott M. Bennett,In Use,1986,1985,4270,1,1,0,Storage,Storage,Industrial
University of Illinois,University of Illinois Urbana-Champaign,608 East Gregory Dr,Champaign,61820,Champaign,13,Rodney L. Davis,103,Ammons Carol,52,Scott M. Bennett,In Use,1967,1967,5436,2,1,1,Industrial,Industrial,Not provided
University of Illinois,University of Illinois Urbana-Champaign,1304 W Pennsylvania Ave,Urbana,61801,Champaign,13,Rodney L. Davis,103,Ammons Carol,52,Scott M. Bennett,In Use,1983,1983,101259,3,3,0,Business,Business,Not provided
University of Illinois,University of Illinois Urbana-Champaign,2116 South Griffith Drive,Champaign,61820,Champaign,13,Rodney L. Davis,103,Ammons Carol,52,Scott M. Bennett,In Use,1985,1985,4160,1,1,0,Industrial,Industrial,Not provided
University of Illinois,University of Illinois Urbana-Champaign,2105 South Goodwin,Urbana,61801,Champaign,13,Rodney L. Davis,103,Ammons Carol,52,Scott M. Bennett,In Use,1976,1976,10100,1,1,0,Storage,Storage,Not provided
University of Illinois,University of Illinois Urbana-Champaign,2001 South Lincoln Ave,Urbana,61801,Champaign,13,Rodney L. Davis,103,Ammons Carol,52,Scott M. Bennett,In Use,1982,1961,258516,5,4,1,Business,Education,Not provided
University of Illinois,University of Illinois Urbana-Champaign,909 West Oregon,Urbana,61801,Champaign,13,Rodney L. Davis,103,Ammons Carol,52,Scott M. Bennett,In Use,1991,1964,10645,3,3,0,Industrial,Business,Not provided
University of Illinois,University of Illinois Urbana-Champaign,South Race,Urbana,61801,Champaign,13,Rodney L. Davis,103,Ammons Carol,52,Scott M. Bennett,In Use,1990,1990,2255,1,1,0,Unusual,Unusual,Not provided
University of Illinois,University of Illinois Urbana-Champaign,4810 North High Cross Road,Urbana,61801,Champaign,13,Rodney L. Davis,103,Ammons Carol,52,Scott M. Bennett,In Use,1990,1990,1743,1,1,0,Industrial,Industrial,Not provided
University of Illinois,University of Illinois Urbana-Champaign,1406 West Hazelwood Road,Champaign,61820,Champaign,13,Rodney L. Davis,103,Ammons Carol,52,Scott M. Bennett,In Use,1988,1988,6480,1,1,0,Industrial,Industrial,Not provided
University of Illinois,University of Illinois Urbana-Champaign,East Hazelwood Street,Champaign,61801,Champaign,13,Rodney L. Davis,103,Ammons Carol,52,Scott M. Bennett,In Use,1988,1988,4992,1,1,0,Industrial,Industrial,Not provided
University of Illinois,University of Illinois Urbana-Champaign,1701 South Oak Street,Champaign,61820,Champaign,13,Rodney L. Davis,103,Ammons Carol,52,Scott M. Bennett,In Use,1987,1987,27527,2,2,0,Storage,Storage,Not provided
University of Illinois,University of Illinois Urbana-Champaign,209 North Romine Street,Urbana,61801,Champaign,13,Rodney L. Davis,103,Ammons Carol,52,Scott M. Bennett,In Use,1987,1987,88501,3,3,0,Industrial,Industrial,Business
University of Illinois,University of Illinois Urbana-Champaign,4810 North High Cross Road,Urbana,61801,Champaign,13,Rodney L. Davis,103,Ammons Carol,52,Scott M. Bennett,In Use,1965,1965,3476,1,1,0,Industrial,Industrial,Not provided
University of Illinois,University of Illinois Urbana-Champaign,South Race Street,Urbana,61801,Champaign,13,Rodney L. Davis,103,Ammons Carol,52,Scott M. Bennett,In Use,1973,1973,3067,1,1,0,Industrial,Industrial,Not provided
University of Illinois,University of Illinois Urbana-Champaign,Windsor Road,Urbana,61801,Champaign,13,Rodney L. Davis,103,Ammons Carol,52,Scott M. Bennett,In Use,1966,1966,1168,1,1,0,Storage,Storage,Not provided
University of Illinois,University of Illinois Urbana-Champaign,South Race,Urbana,61801,Champaign,13,Rodney L. Davis,103,Ammons Carol,52,Scott M. Bennett,In Use,1979,1979,4257,1,1,0,Unusual,Unusual,Not provided
University of Illinois,University of Illinois Urbana-Champaign,South Race,Urbana,61801,Champaign,13,Rodney L. Davis,103,Ammons Carol,52,Scott M. Bennett,In Use,1979,1979,2068,1,1,0,Unusual,Unusual,Not provided
University of Illinois,University of Illinois Urbana-Champaign,South Wright Extended,Champaign,61801,Champaign,13,Rodney L. Davis,103,Ammons Carol,52,Scott M. Bennett,In Use,1988,1988,9120,1,1,0,Storage,Storage,Not provided
University of Illinois,University of Illinois Urbana-Champaign,1919b South Wright Street,Champaign,61820,Champaign,13,Rodney L. Davis,103,Ammons Carol,52,Scott M. Bennett,In Use,1988,1988,9120,1,1,0,Storage,Storage,Not provided
University of Illinois,University of Illinois Urbana-Champaign,1921 South Wright Extended,Champaign,61801,Champaign,13,Rodney L. Davis,103,Ammons Carol,52,Scott M. Bennett,In Use,1988,1988,9120,1,1,0,Storage,Storage,Not provided
University of Illinois,University of Illinois Urbana-Champaign,2201 South Lincoln,Urbana,61801,Champaign,13,Rodney L. Davis,103,Ammons Carol,52,Scott M. Bennett,In Use,1979,1979,1344,1,1,0,Storage,Storage,Not provided
University of Illinois,University of Illinois Urbana-Champaign,2201 South Lincoln,Urbana,61801,Champaign,13,Rodney L. Davis,103,Ammons Carol,52,Scott M. Bennett,In Use,1979,1979,4608,1,1,0,Storage,Storage,Not provided
University of Illinois,University of Illinois Urbana-Champaign,2201 South Lincoln,Urbana,61801,Champaign,13,Rodney L. Davis,103,Ammons Carol,52,Scott M. Bennett,In Use,1979,1979,3840,1,1,0,Storage,Storage,Not provided
University of Illinois,University of Illinois Urbana-Champaign,Bondville Road,Urbana,61801,Champaign,13,Rodney L. Davis,103,Ammons Carol,52,Scott M. Bennett,In Use,1962,1962,360,1,1,0,Industrial,Unusual,Not provided
University of Illinois,University of Illinois Urbana-Champaign,Bondville Road,Urbana,61801,Champaign,13,Rodney L. Davis,103,Ammons Carol,52,Scott M. Bennett,In Use,1962,1962,2400,1,1,0,Industrial,Unusual,Not provided
University of Illinois,University of Illinois Urbana-Champaign,University Of Illinois,Urbana,61801,Champaign,13,Rodney L. Davis,103,Ammons Carol,52,Scott M. Bennett,In Use,1945,1945,960,1,1,0,Industrial,Unusual,Not provided
University of Illinois,University of Illinois Urbana-Champaign,North Mathews Avenue,Urbana,61801,Champaign,13,Rodney L. Davis,103,Ammons Carol,52,Scott M. Bennett,In Use,1942,1942,150,3,2,1,Industrial,Industrial,Not provided
University of Illinois,University of Illinois Urbana-Champaign,R.r. #2,Monticello,61856,Champaign,13,Rodney L. Davis,103,Ammons Carol,52,Scott M. Bennett,In Use,1899,1899,32229,5,4,1,Residential,Residential,Not provided
University of Illinois,University of Illinois Urbana-Champaign,R.r. #2,Monticello,61856,Champaign,13,Rodney L. Davis,103,Ammons Carol,52,Scott M. Bennett,In Use,1902,1902,3276,4,3,1,Unusual,Unusual,Not provided
University of Illinois,University of Illinois Urbana-Champaign,R.r. #2,Monticello,61856,Champaign,13,Rodney L. Davis,103,Ammons Carol,52,Scott M. Bennett,In Use,1920,1920,3672,4,3,1,Residential,Residential,Not provided
University of Illinois,University of Illinois Urbana-Champaign,R.r. #2,Monticello,61856,Champaign,13,Rodney L. Davis,103,Ammons Carol,52,Scott M. Bennett,In Use,1963,1963,2348,1,1,0,Residential,Residential,Not provided
University of Illinois,University of Illinois Urbana-Champaign,R.r. #2,Monticello,61856,Champaign,13,Rodney L. Davis,103,Ammons Carol,52,Scott M. Bennett,In Use,1967,1967,1296,1,1,0,Storage,Storage,Not provided
University of Illinois,University of Illinois Urbana-Champaign,Monticello Road,Urbana,61801,Champaign,13,Rodney L. Davis,103,Ammons Carol,52,Scott M. Bennett,In Use,1968,1968,900,1,1,0,Industrial,Unusual,Not provided
University of Illinois,University of Illinois Urbana-Champaign,607 East Peabody Drive,Urbana,61801,Champaign,13,Rodney L. Davis,103,Ammons Carol,52,Scott M. Bennett,In Use,1940,1940,134193,7,6,1,Industrial,Industrial,Business
University of Illinois,University of Illinois Urbana-Champaign,1904 South Griffith Drive,Champaign,61820,Champaign,13,Rodney L. Davis,103,Ammons Carol,52,Scott M. Bennett,In Use,1969,1967,3691,1,1,0,Industrial,Industrial,Not provided
University of Illinois,University of Illinois Urbana-Champaign,614 East Pennsylvania,Urbana,61801,Champaign,13,Rodney L. Davis,103,Ammons Carol,52,Scott M. Bennett,In Use,1942,1942,7609,3,2,1,Industrial,Industrial,Not provided
University of Illinois,University of Illinois Urbana-Champaign,51 East Hazelwood Drive,Urbana,61801,Champaign,13,Rodney L. Davis,103,Ammons Carol,52,Scott M. Bennett,In Use,1972,1972,912,1,1,0,Industrial,Industrial,Not provided
University of Illinois,University of Illinois Urbana-Champaign,608 East Pennsylvania Ave,Champaign,61820,Champaign,13,Rodney L. Davis,103,Ammons Carol,52,Scott M. Bennett,In Use,1942,1942,16303,2,2,0,Storage,Storage,Not provided
University of Illinois,University of Illinois Urbana-Champaign,1910 South Griffith Drive,Champaign,61820,Champaign,13,Rodney L. Davis,103,Ammons Carol,52,Scott M. Bennett,In Use,1972,1972,64709,2,2,0,Industrial,Industrial,Not provided
University of Illinois,University of Illinois Urbana-Champaign,605 East Springfield,Champaign,61820,Champaign,13,Rodney L. Davis,103,Ammons Carol,52,Scott M. Bennett,In Use,1951,1950,46570,6,5,1,Business,Business,Not provided
University of Illinois,University of Illinois Urbana-Champaign,Near Nrsa,Champaign,61820,Champaign,13,Rodney L. Davis,103,Ammons Carol,52,Scott M. Bennett,In Use,1978,1978,3450,1,1,0,Business,Storage,Not provided
University of Illinois,University of Illinois Urbana-Champaign,Near Nrsa,Champaign,61820,Champaign,13,Rodney L. Davis,103,Ammons Carol,52,Scott M. Bennett,In Use,1980,1980,3696,1,1,0,Business,Storage,Not provided
University of Illinois,University of Illinois Urbana-Champaign,1116 South Oak Street,Champaign,61820,Champaign,13,Rodney L. Davis,103,Ammons Carol,52,Scott M. Bennett,In Use,1940,1940,12120,3,3,0,Industrial,Industrial,Not provided
University of Illinois,University of Illinois Urbana-Champaign,2902 Newmark Drive,Champaign,61820,Champaign,13,Rodney L. Davis,103,Ammons Carol,52,Scott M. Bennett,In Use,1969,1969,109870,4,3,1,Industrial,Industrial,Not provided
University of Illinois,University of Illinois Urbana-Champaign,50 East Gerty Drive,Champaign,61820,Champaign,13,Rodney L. Davis,103,Ammons Carol,52,Scott M. Bennett,In Use,1974,1974,32017,3,2,1,Business,Business,Not provided
University of Illinois,University of Illinois Urbana-Champaign,11 East Gerty Drive,Champaign,61810,Champaign,13,Rodney L. Davis,103,Ammons Carol,52,Scott M. Bennett,In Use,1988,1987,10640,1,1,0,Business,Business,Not provided
University of Illinois,University of Illinois Urbana-Champaign,4 Airport Rd,Savoy,61874,Champaign,13,Rodney L. Davis,103,Ammons Carol,52,Scott M. Bennett,In Use,1960,1960,2072,1,1,0,Industrial,Industrial,Not provided
University of Illinois,University of Illinois Urbana-Champaign,1 Airport Road,Savoy,61874,Champaign,13,Rodney L. Davis,103,Ammons Carol,52,Scott M. Bennett,In Use,1960,1960,7107,7,6,1,Unusual,Unusual,Not provided
University of Illinois,University of Illinois Urbana-Champaign,30 Airport Road,Savoy,61874,Champaign,13,Rodney L. Davis,103,Ammons Carol,52,Scott M. Bennett,In Use,1962,1962,444,1,1,0,Industrial,Industrial,Not provided
University of Illinois,University of Illinois Urbana-Champaign,25 Airport Road,Savoy,61874,Champaign,13,Rodney L. Davis,103,Ammons Carol,52,Scott M. Bennett,In Use,1948,1948,12377,1,1,0,Storage,Storage,Not provided
University of Illinois,University of Illinois Urbana-Champaign,24 Airport Road,Savoy,61874,Champaign,13,Rodney L. Davis,103,Ammons Carol,52,Scott M. Bennett,In Use,1968,1968,5337,2,2,0,Storage,Storage,Not provided
University of Illinois,University of Illinois Urbana-Champaign,20 Airport Road,Savoy,61874,Champaign,13,Rodney L. Davis,103,Ammons Carol,52,Scott M. Bennett,In Use,1955,1955,1869,1,1,0,Storage,Storage,Not provided
University of Illinois,University of Illinois Urbana-Champaign,20 Airport Road,Savoy,61874,Champaign,13,Rodney L. Davis,103,Ammons Carol,52,Scott M. Bennett,In Use,1945,1945,3034,1,1,0,Mercantile,Mercantile,Not provided
University of Illinois,University of Illinois Urbana-Champaign,20 Airport Road,Savoy,61874,Champaign,13,Rodney L. Davis,103,Ammons Carol,52,Scott M. Bennett,In Use,1945,1945,47659,2,2,0,Storage,Storage,Not provided
University of Illinois,University of Illinois Urbana-Champaign,1 Airport Road,Savoy,61874,Champaign,13,Rodney L. Davis,103,Ammons Carol,52,Scott M. Bennett,In Use,1943,1943,820,1,1,0,Storage,Storage,Not provided
University of Illinois,University of Illinois Urbana-Champaign,5 Airport Road,Savoy,61874,Champaign,13,Rodney L. Davis,103,Ammons Carol,52,Scott M. Bennett,In Use,1962,1962,13910,1,1,0,Business,Business,Not provided
University of Illinois,University of Illinois Urbana-Champaign,12 Airport Road,Savoy,61874,Champaign,13,Rodney L. Davis,103,Ammons Carol,52,Scott M. Bennett,In Use,1948,1948,5583,2,2,0,Unusual,Unusual,Not provided
University of Illinois,University of Illinois Urbana-Champaign,14 Airport Road,Savoy,61874,Champaign,13,Rodney L. Davis,103,Ammons Carol,52,Scott M. Bennett,In Use,1948,1948,3210,1,1,0,Unusual,Unusual,Not provided
University of Illinois,University of Illinois Urbana-Champaign,2 Airport Road,Savoy,61874,Champaign,13,Rodney L. Davis,103,Ammons Carol,52,Scott M. Bennett,In Use,1949,1949,9600,2,2,0,Unusual,Unusual,Not provided
University of Illinois,University of Illinois Urbana-Champaign,4 Airport Road,Savoy,61874,Champaign,13,Rodney L. Davis,103,Ammons Carol,52,Scott M. Bennett,In Use,1949,1949,7501,2,2,0,Unusual,Unusual,Not provided
University of Illinois,University of Illinois Urbana-Champaign,6 Airport Road,Savoy,61874,Champaign,13,Rodney L. Davis,103,Ammons Carol,52,Scott M. Bennett,In Use,1951,1951,8664,2,2,0,Business,Business,Not provided
University of Illinois,University of Illinois Urbana-Champaign,16 Airport Road,Savoy,61874,Champaign,13,Rodney L. Davis,103,Ammons Carol,52,Scott M. Bennett,In Use,1953,1953,6024,2,2,0,Business,Business,Not provided
University of Illinois,University of Illinois Urbana-Champaign,8 Aiport Road,Savoy,61874,Champaign,13,Rodney L. Davis,103,Ammons Carol,52,Scott M. Bennett,In Use,1957,1957,8460,2,2,0,Business,Business,Not provided
University of Illinois,University of Illinois Urbana-Champaign,1 Aiport Road,Savoy,61874,Champaign,13,Rodney L. Davis,103,Ammons Carol,52,Scott M. Bennett,In Use,1960,1960,25371,3,2,1,Assembly,Assembly,Not provided
University of Illinois,University of Illinois Urbana-Champaign,1 Airport Road,Savoy,61874,Champaign,13,Rodney L. Davis,103,Ammons Carol,52,Scott M. Bennett,In Use,1948,1948,18334,1,1,0,Storage,Storage,Not provided
University of Illinois,University of Illinois Urbana-Champaign,1 Airport Road,Savoy,61874,Champaign,13,Rodney L. Davis,103,Ammons Carol,52,Scott M. Bennett,In Use,1952,1952,10265,1,1,0,Storage,Storage,Not provided
University of Illinois,University of Illinois Urbana-Champaign,1 Airport Road,Savoy,61874,Champaign,13,Rodney L. Davis,103,Ammons Carol,52,Scott M. Bennett,In Use,1959,1959,3360,2,1,1,Storage,Storage,Not provided
University of Illinois,University of Illinois Urbana-Champaign,5 Airport Road,Savoy,61874,Champaign,13,Rodney L. Davis,103,Ammons Carol,52,Scott M. Bennett,In Use,1968,1968,22500,1,1,0,Storage,Storage,Not provided
University of Illinois,University of Illinois Urbana-Champaign,5 Airport Road,Savoy,61874,Champaign,13,Rodney L. Davis,103,Ammons Carol,52,Scott M. Bennett,In Use,1984,1984,4650,1,1,0,Storage,Storage,Not provided
University of Illinois,University of Illinois Urbana-Champaign,1 Airport Road,Savoy,61874,Champaign,13,Rodney L. Davis,103,Ammons Carol,52,Scott M. Bennett,In Use,1914,1914,3288,3,2,1,Residential,Residential,Not provided
University of Illinois,University of Illinois Urbana-Champaign,18 Airport Road,Savoy,61874,Champaign,13,Rodney L. Davis,103,Ammons Carol,52,Scott M. Bennett,In Use,1948,1914,5500,2,2,0,Unusual,Unusual,Not provided
University of Illinois,University of Illinois Urbana-Champaign,5 Airport Road,Savoy,61874,Champaign,13,Rodney L. Davis,103,Ammons Carol,52,Scott M. Bennett,In Use,1981,1981,6800,2,2,0,Storage,Storage,Not provided
University of Illinois,University of Illinois Urbana-Champaign,3 Airport Road,Savoy,61874,Champaign,13,Rodney L. Davis,103,Ammons Carol,52,Scott M. Bennett,In Use,1978,1978,6176,1,1,0,Industrial,Industrial,Not provided
University of Illinois,University of Illinois Urbana-Champaign,11 Airport Road,Savoy,61874,Champaign,13,Rodney L. Davis,103,Ammons Carol,52,Scott M. Bennett,In Use,1974,1974,2750,1,1,0,Industrial,Storage,Not provided
University of Illinois,University of Illinois Urbana-Champaign,22 Airport Road,Savoy,61874,Champaign,13,Rodney L. Davis,103,Ammons Carol,52,Scott M. Bennett,In Use,1980,1980,431,1,1,0,Industrial,Industrial,Not provided
University of Illinois,University of Illinois Urbana-Champaign,1 Airport Road,Savoy,61874,Champaign,13,Rodney L. Davis,103,Ammons Carol,52,Scott M. Bennett,In Use,1989,1989,8627,1,1,0,Business,Business,Not provided
University of Illinois,University of Illinois Urbana-Champaign,11 Airport Road,Savoy,61874,Champaign,13,Rodney L. Davis,103,Ammons Carol,52,Scott M. Bennett,In Use,1989,1989,65397,4,3,1,Assembly,Assembly,Not provided
University of Illinois,University of Illinois Urbana-Champaign,1109 South Lincoln Ave,Urbana,61801,Champaign,13,Rodney L. Davis,103,Ammons Carol,52,Scott M. Bennett,In Use,1926,1926,73317,6,5,1,Health Care,Health Care,Not provided
University of Illinois,University of Illinois Urbana-Champaign,201 East Peabody Drive,Champaign,61820,Champaign,13,Rodney L. Davis,103,Ammons Carol,52,Scott M. Bennett,In Use,1971,1971,240694,4,3,1,Assembly,Assembly,Not provided
University of Illinois,University of Illinois Urbana-Champaign,203 S Gregory,Urbana,61801,Champaign,13,Rodney L. Davis,103,Ammons Carol,52,Scott M. Bennett,In Use,1954,1954,3488,2,2,0,Residential,Residential,Not provided
University of Illinois,University of Illinois Urbana-Champaign,919 West Illinois Street,Urbana,61801,Champaign,13,Rodney L. Davis,103,Ammons Carol,52,Scott M. Bennett,In Use,1971,1971,33325,7,6,1,Assembly,Assembly,Not provided
University of Illinois,University of Illinois Urbana-Champaign,1800 South First Street,Champaign,61820,Champaign,13,Rodney L. Davis,103,Ammons Carol,52,Scott M. Bennett,In Use,1963,1963,335918,4,3,1,Assembly,Assembly,Not provided
University of Illinois,University of Illinois Urbana-Champaign,1109 West Green Street,Urbana,61801,Champaign,13,Rodney L. Davis,103,Ammons Carol,52,Scott M. Bennett,In Use,1966,1966,5000,2,1,1,Industrial,Industrial,Not provided
University of Illinois,University of Illinois Urbana-Champaign,1105 South Dorner Drive,Urbana,61820,Champaign,13,Rodney L. Davis,103,Ammons Carol,52,Scott M. Bennett,In Use,1982,1982,3802,1,1,0,Industrial,Industrial,Not provided
University of Illinois,University of Illinois Urbana-Champaign,103 South Gregory Ave,Urbana,61801,Champaign,13,Rodney L. Davis,103,Ammons Carol,52,Scott M. Bennett,In Use,1987,1987,11564,2,2,0,Business,Business,Not provided
University of Illinois,University of Illinois Urbana-Champaign,301 East Gregroy Drive,Champaign,61820,Champaign,13,Rodney L. Davis,103,Ammons Carol,52,Scott M. Bennett,In Use,1963,1963,14484,3,2,1,Mercantile,Mercantile,Not provided
University of Illinois,University of Illinois Urbana-Champaign,1321 South Oak Street,Champaign,61820,Champaign,13,Rodney L. Davis,103,Ammons Carol,52,Scott M. Bennett,In Use,1963,1963,50926,3,2,1,Storage,Storage,Business
University of Illinois,University of Illinois Urbana-Champaign,405 North Mathews Ave,Urbana,61801,Champaign,13,Rodney L. Davis,103,Ammons Carol,52,Scott M. Bennett,In Use,1987,1987,344228,8,7,1,Education,Industrial,Business
University of Illinois,University of Illinois Urbana-Champaign,305 North Mathews Avenue,Urbana,61801,Champaign,13,Rodney L. Davis,103,Ammons Carol,52,Scott M. Bennett,In Use,1987,1987,14277,2,2,0,Industrial,Industrial,Not provided
University of Illinois,University of Illinois Urbana-Champaign,508 South Sixth Street,Champaign,61820,Champaign,13,Rodney L. Davis,103,Ammons Carol,52,Scott M. Bennett,In Use,1960,1960,7622,3,2,1,Business,Business,Not provided
University of Illinois,University of Illinois Urbana-Champaign,1201 South Dorner Drive,Urbana,61801,Champaign,13,Rodney L. Davis,103,Ammons Carol,52,Scott M. Bennett,In Use,1986,1986,101614,4,3,1,Industrial,Industrial,Business
University of Illinois,University of Illinois Urbana-Champaign,1008 West Hazelwood Drive,Urbana,61801,Champaign,13,Rodney L. Davis,103,Ammons Carol,52,Scott M. Bennett,In Use,1970,1970,226525,4,3,1,Health Care,Education,Not provided
University of Illinois,University of Illinois Urbana-Champaign,1605 South Wright Street,Champaign,61801,Champaign,13,Rodney L. Davis,103,Ammons Carol,52,Scott M. Bennett,In Use,1986,1986,2800,1,1,0,Unusual,Assembly,Assembly
University of Illinois,University of Illinois Urbana-Champaign,1605 South Wright Street,Champaign,61801,Champaign,13,Rodney L. Davis,103,Ammons Carol,52,Scott M. Bennett,In Use,1986,1986,1230,1,1,0,Business,Business,Business
University of Illinois,University of Illinois Urbana-Champaign,1605 South Wright Street,Champaign,61801,Champaign,13,Rodney L. Davis,103,Ammons Carol,52,Scott M. Bennett,In Use,1986,1986,1160,1,1,0,Assembly,Assembly,Business
University of Illinois,University of Illinois Urbana-Champaign,1 Airport Rd,Savoy,61874,Champaign,13,Rodney L. Davis,103,Ammons Carol,52,Scott M. Bennett,In Use,1960,1960,132,2,1,1,Industrial,Industrial,Not provided
University of Illinois,University of Illinois Urbana-Champaign,201 East John Street,Champaign,61820,Champaign,13,Rodney L. Davis,103,Ammons Carol,52,Scott M. Bennett,In Use,1981,1981,16226,2,2,0,Residential,Residential,Not provided
University of Illinois,University of Illinois Urbana-Champaign,1211 West Western Ave,Urbana,61801,Champaign,13,Rodney L. Davis,103,Ammons Carol,52,Scott M. Bennett,In Use,1981,1981,2294,1,1,0,Industrial,Industrial,Not provided
University of Illinois,University of Illinois Urbana-Champaign,202 East Peabody Dr,Champaign,61820,Champaign,13,Rodney L. Davis,103,Ammons Carol,52,Scott M. Bennett,In Use,1960,1960,902,2,1,1,Industrial,Industrial,Not provided
University of Illinois,University of Illinois Urbana-Champaign,51 E Geety Dr,Champaign,61820,Champaign,13,Rodney L. Davis,103,Ammons Carol,52,Scott M. Bennett,In Use,1967,1967,114,2,1,1,Industrial,Industrial,Not provided
University of Illinois,University of Illinois Urbana-Champaign,607 S Mathews Ave,Urbana,61801,Champaign,13,Rodney L. Davis,103,Ammons Carol,52,Scott M. Bennett,In Use,1900,1900,1396,1,1,0,Industrial,Industrial,Not provided
University of Illinois,University of Illinois Urbana-Champaign,1610 S Virginia Dr,Urbana,61801,Champaign,13,Rodney L. Davis,103,Ammons Carol,52,Scott M. Bennett,In Use,1966,1966,960,2,1,1,Industrial,Industrial,Not provided
University of Illinois,University of Illinois Urbana-Champaign,1206 South Fourth Street,Champaign,61820,Champaign,13,Rodney L. Davis,103,Ammons Carol,52,Scott M. Bennett,In Use,1926,1926,180,1,1,0,Industrial,Industrial,Not provided
University of Illinois,University of Illinois Urbana-Champaign,1501 South Oak Street,Champaign,61820,Champaign,13,Rodney L. Davis,103,Ammons Carol,52,Scott M. Bennett,In Use,1963,1963,240,3,2,1,Industrial,Industrial,Not provided
University of Illinois,University of Illinois Urbana-Champaign,810 South Wright Street,Urbana,61801,Champaign,13,Rodney L. Davis,103,Ammons Carol,52,Scott M. Bennett,In Use,1940,1940,500,1,1,0,Industrial,Industrial,Not provided
University of Illinois,University of Illinois Urbana-Champaign,608 South Wright Street,Urbana,61801,Champaign,13,Rodney L. Davis,103,Ammons Carol,52,Scott M. Bennett,In Use,1905,1905,150,1,1,0,Industrial,Industrial,Not provided
University of Illinois,University of Illinois Urbana-Champaign,505 South Mathews,Urbana,61801,Champaign,13,Rodney L. Davis,103,Ammons Carol,52,Scott M. Bennett,In Use,1902,1902,168,1,1,0,Industrial,Industrial,Not provided
University of Illinois,University of Illinois Urbana-Champaign,1301 South First Street,Champaign,61801,Champaign,13,Rodney L. Davis,103,Ammons Carol,52,Scott M. Bennett,In Use,1958,1958,385,2,1,1,Industrial,Industrial,Not provided
University of Illinois,University of Illinois Urbana-Champaign,1205 South Sixth Street,Champaign,61820,Champaign,13,Rodney L. Davis,103,Ammons Carol,52,Scott M. Bennett,In Use,1958,1958,385,2,1,1,Industrial,Industrial,Not provided
University of Illinois,University of Illinois Urbana-Champaign,1308 West Green,Urbana,61801,Champaign,13,Rodney L. Davis,103,Ammons Carol,52,Scott M. Bennett,In Use,1967,1967,280,2,1,1,Industrial,Industrial,Not provided
University of Illinois,University of Illinois Urbana-Champaign,407 South Goodwin Ave,Urbana,61801,Champaign,13,Rodney L. Davis,103,Ammons Carol,52,Scott M. Bennett,In Use,1959,1959,1224,2,1,1,Industrial,Industrial,Not provided
University of Illinois,University of Illinois Urbana-Champaign,S Of Green St & Mathews Ave,Urbana,61801,Champaign,13,Rodney L. Davis,103,Ammons Carol,52,Scott M. Bennett,In Use,1940,1940,337,2,1,1,Industrial,Industrial,Not provided
University of Illinois,University of Illinois Urbana-Champaign,600 South Mathews,Urbana,61801,Champaign,13,Rodney L. Davis,103,Ammons Carol,52,Scott M. Bennett,In Use,1950,1950,180,2,1,1,Industrial,Industrial,Not provided
University of Illinois,University of Illinois Urbana-Champaign,600 East Peabody,Champaign,61801,Champaign,13,Rodney L. Davis,103,Ammons Carol,52,Scott M. Bennett,In Use,1955,1955,753,2,1,1,Industrial,Industrial,Not provided
University of Illinois,University of Illinois Urbana-Champaign,600 East Peabody,Champaign,61801,Champaign,13,Rodney L. Davis,103,Ammons Carol,52,Scott M. Bennett,In Use,1955,1955,484,2,1,1,Industrial,Industrial,Not provided
University of Illinois,University of Illinois Urbana-Champaign,1102 South Goodwin,Urbana,61801,Champaign,13,Rodney L. Davis,103,Ammons Carol,52,Scott M. Bennett,In Use,1978,1978,220,2,1,1,Industrial,Industrial,Not provided
University of Illinois,University of Illinois Urbana-Champaign,608 East Gregory,Urbana,61801,Champaign,13,Rodney L. Davis,103,Ammons Carol,52,Scott M. Bennett,In Use,1940,1940,259,2,1,1,Industrial,Industrial,Not provided
University of Illinois,University of Illinois Urbana-Champaign,1207 South Gregory,Urbana,61801,Champaign,13,Rodney L. Davis,103,Ammons Carol,52,Scott M. Bennett,In Use,1952,1951,418,2,1,1,Industrial,Industrial,Not provided
University of Illinois,University of Illinois Urbana-Champaign,1207 South Gregory Drive,Urbana,61801,Champaign,13,Rodney L. Davis,103,Ammons Carol,52,Scott M. Bennett,In Use,1952,1951,418,2,1,1,Industrial,Industrial,Not provided
University of Illinois,University of Illinois Urbana-Champaign,University Of Illinois,Urbana,61801,Champaign,13,Rodney L. Davis,103,Ammons Carol,52,Scott M. Bennett,In Use,1965,1965,1936,1,1,0,Industrial,Industrial,Not provided
University of Illinois,University of Illinois Urbana-Champaign,1405 West Western,Urbana,61801,Champaign,13,Rodney L. Davis,103,Ammons Carol,52,Scott M. Bennett,In Use,1965,1965,9600,2,1,1,Industrial,Industrial,Not provided
University of Illinois,University of Illinois Urbana-Champaign,1301 West Springfield,Urbana,61801,Champaign,13,Rodney L. Davis,103,Ammons Carol,52,Scott M. Bennett,In Use,1911,1911,160,2,1,1,Industrial,Industrial,Not provided
University of Illinois,University of Illinois Urbana-Champaign,107 South Goodwin,Urbana,61801,Champaign,13,Rodney L. Davis,103,Ammons Carol,52,Scott M. Bennett,In Use,1940,1940,340,2,1,1,Industrial,Industrial,Not provided
University of Illinois,University of Illinois Urbana-Champaign,1305 South Oak Street,Urbana,61820,Champaign,13,Rodney L. Davis,103,Ammons Carol,52,Scott M. Bennett,In Use,2004,2004,40911,3,2,1,Industrial,Industrial,Not provided
University of Illinois,University of Illinois Urbana-Champaign,1101 West St Mary's Road,Urbana,61801,Champaign,13,Rodney L. Davis,103,Ammons Carol,52,Scott M. Bennett,In Use,1908,1908,3240,5,4,1,Business,Business,Not provided
University of Illinois,University of Illinois Urbana-Champaign,2008 South Wright,Urbana,61801,Champaign,13,Rodney L. Davis,103,Ammons Carol,52,Scott M. Bennett,In Use,1983,1983,12894,2,2,0,Education,Education,Not provided
University of Illinois,University of Illinois Urbana-Champaign,1401 East St Mary's Road,Urbana,61801,Champaign,13,Rodney L. Davis,103,Ammons Carol,52,Scott M. Bennett,In Use,1976,1976,3740,1,1,0,Business,Industrial,Not provided
University of Illinois,University of Illinois Urbana-Champaign,3502 South First,Champaign,61801,Champaign,13,Rodney L. Davis,103,Ammons Carol,52,Scott M. Bennett,In Use,1979,1979,960,1,1,0,Unusual,Unusual,Not provided
University of Illinois,University of Illinois Urbana-Champaign,3502 South Forst,Champaign,61801,Champaign,13,Rodney L. Davis,103,Ammons Carol,52,Scott M. Bennett,In Use,1979,1979,1248,1,1,0,Unusual,Unusual,Not provided
University of Illinois,University of Illinois Urbana-Champaign,606 West Windsor,Urbana,61801,Champaign,13,Rodney L. Davis,103,Ammons Carol,52,Scott M. Bennett,In Use,1963,1963,2048,2,2,0,Unusual,Unusual,Not provided
University of Illinois,University of Illinois Urbana-Champaign,2004 South Wright Street,Urbana,61801,Champaign,13,Rodney L. Davis,103,Ammons Carol,52,Scott M. Bennett,In Use,1984,1984,21168,2,2,0,Industrial,Industrial,Not provided
University of Illinois,University of Illinois Urbana-Champaign,S Griffith Drive,Champaign,61820,Champaign,13,Rodney L. Davis,103,Ammons Carol,52,Scott M. Bennett,In Use,1987,1987,3200,1,1,0,Industrial,Industrial,Not provided
University of Illinois,University of Illinois Urbana-Champaign,1910 South Giriffith Drive,Champaign,61820,Champaign,13,Rodney L. Davis,103,Ammons Carol,52,Scott M. Bennett,In Use,1995,1996,3468,1,1,0,Storage,Storage,Not provided
University of Illinois,University of Illinois Urbana-Champaign,1302 West Pennsylvania,Urbana,61801,Champaign,13,Rodney L. Davis,103,Ammons Carol,52,Scott M. Bennett,In Progress,2010,2010,35000,4,3,1,Business,Industrial,Not provided
Department of Transportation,Champaign Maintenance Storage Facility - Champaign County,201 Eisner Road,Champaign,61820,Champaign,13,Rodney L. Davis,104,Hays Chad,52,Scott M. Bennett,In Use,2008,2008,1875,1,1,0,Storage,Storage,Not provided
University of Illinois,University of Illinois Urbana-Champaign,306 North Wright Street,Urbana,61801,Champaign,13,Rodney L. Davis,103,Ammons Carol,52,Scott M. Bennett,In Progress,2013,2013,230665,7,6,1,Education,Business,Not provided
Department of Transportation,Champaign Maintenance Storage Facility - Champaign County,201 Eisner Road,Champaign,61820,Champaign,13,Rodney L. Davis,104,Hays Chad,52,Scott M. Bennett,In Progress,2012,2012,2400,1,1,0,Storage,Storage,Not provided
Department of Military Affairs,Rantoul Military Affairs,205 W Dodge Ave,Rantoul,61866,Champaign,15,John Shimkus,104,Hays Chad,52,Scott M. Bennett,Abandon,0,0,180000,3,0,0,Storage,Not provided,Not provided
Department of Military Affairs,Rantoul Military Affairs,205 W Dodge Ave,Rantoul,61866,Champaign,15,John Shimkus,104,Hays Chad,52,Scott M. Bennett,Abandon,0,0,32000,3,0,1,Storage,Not provided,Not provided
Department of Military Affairs,Rantoul Military Affairs,205 W Dodge Ave,Rantoul,61866,Champaign,15,John Shimkus,104,Hays Chad,52,Scott M. Bennett,Abandon,0,0,216000,3,0,0,Storage,Not provided,Not provided
Department of Military Affairs,Rantoul Military Affairs,205 W Dodge Ave,Rantoul,61866,Champaign,15,John Shimkus,104,Hays Chad,52,Scott M. Bennett,Abandon,0,0,32000,3,0,1,Storage,Not provided,Not provided
Department of Military Affairs,Rantoul Military Affairs,205 W Dodge Ave,Rantoul,61866,Champaign,15,John Shimkus,104,Hays Chad,52,Scott M. Bennett,Abandon,0,0,1000,1,0,0,Storage,Not provided,Not provided
Department of Military Affairs,Rantoul Military Affairs,205 W Dodge Ave,Rantoul,61866,Champaign,15,John Shimkus,104,Hays Chad,52,Scott M. Bennett,Abandon,0,0,32000,3,0,1,Storage,Not provided,Not provided
Department of Military Affairs,Rantoul Military Affairs,204 West Borman Drive,Rantoul,61866,Champaign,15,John Shimkus,104,Hays Chad,52,Scott M. Bennett,In Progress,2015,2015,25335,2,0,0,Assembly,Storage,
Department of Military Affairs,Rantoul Military Affairs,204 West Borman Drive,Rantoul,61866,Champaign,15,John Shimkus,104,Hays Chad,52,Scott M. Bennett,In Progress,2015,2015,17512,2,0,0,Education,Business,
Department of Military Affairs,Rantoul Military Affairs,204 West Borman Drive,Rantoul,61866,Champaign,15,John Shimkus,104,Hays Chad,52,Scott M. Bennett,In Progress,2015,2015,88657,4,0,0,Residential,Business,
Department of Military Affairs,Rantoul Military Affairs,205 Dodge Avenue,Rantoul,61866,Champaign,15,John Shimkus,104,Hays Chad,52,Scott M. Bennett,In Progress,2016,2016,1400,1,0,0,Storage,Storage,
